place_id,timestamp,crowd_index
P001,2025-06-01T08:00,0.474
P001,2025-06-01T09:00,0.656
P001,2025-06-01T10:00,0.828
P001,2025-06-01T11:00,0.676
P001,2025-06-01T12:00,0.484
P001,2025-06-01T13:00,0.352
P001,2025-06-01T14:00,0.359
P001,2025-06-01T15:00,0.344
P001,2025-06-01T16:00,0.533
P001,2025-06-01T17:00,0.7
P001,2025-06-01T18:00,0.822
P001,2025-06-01T19:00,0.748
P001,2025-06-01T20:00,0.493
P001,2025-06-01T21:00,0.356
P002,2025-06-01T08:00,0.475
P002,2025-06-01T09:00,0.708
P002,2025-06-01T10:00,0.822
P002,2025-06-01T11:00,0.713
P002,2025-06-01T12:00,0.491
P002,2025-06-01T13:00,0.285
P002,2025-06-01T14:00,0.351
P002,2025-06-01T15:00,0.405
P002,2025-06-01T16:00,0.525
P002,2025-06-01T17:00,0.713
P002,2025-06-01T18:00,0.896
P002,2025-06-01T19:00,0.731
P002,2025-06-01T20:00,0.5
P002,2025-06-01T21:00,0.345
P003,2025-06-01T08:00,0.495
P003,2025-06-01T09:00,0.714
P003,2025-06-01T10:00,0.881
P003,2025-06-01T11:00,0.727
P003,2025-06-01T12:00,0.464
P003,2025-06-01T13:00,0.382
P003,2025-06-01T14:00,0.308
P003,2025-06-01T15:00,0.391
P003,2025-06-01T16:00,0.574
P003,2025-06-01T17:00,0.759
P003,2025-06-01T18:00,0.886
P003,2025-06-01T19:00,0.755
P003,2025-06-01T20:00,0.561
P003,2025-06-01T21:00,0.34
P004,2025-06-01T08:00,0.433
P004,2025-06-01T09:00,0.683
P004,2025-06-01T10:00,0.808
P004,2025-06-01T11:00,0.677
P004,2025-06-01T12:00,0.42
P004,2025-06-01T13:00,0.312
P004,2025-06-01T14:00,0.334
P004,2025-06-01T15:00,0.372
P004,2025-06-01T16:00,0.528
P004,2025-06-01T17:00,0.718
P004,2025-06-01T18:00,0.827
P004,2025-06-01T19:00,0.791
P004,2025-06-01T20:00,0.555
P004,2025-06-01T21:00,0.397
P005,2025-06-01T08:00,0.427
P005,2025-06-01T09:00,0.727
P005,2025-06-01T10:00,0.816
P005,2025-06-01T11:00,0.692
P005,2025-06-01T12:00,0.509
P005,2025-06-01T13:00,0.348
P005,2025-06-01T14:00,0.326
P005,2025-06-01T15:00,0.404
P005,2025-06-01T16:00,0.575
P005,2025-06-01T17:00,0.775
P005,2025-06-01T18:00,0.823
P005,2025-06-01T19:00,0.701
P005,2025-06-01T20:00,0.522
P005,2025-06-01T21:00,0.362
P006,2025-06-01T08:00,0.431
P006,2025-06-01T09:00,0.748
P006,2025-06-01T10:00,0.888
P006,2025-06-01T11:00,0.685
P006,2025-06-01T12:00,0.476
P006,2025-06-01T13:00,0.324
P006,2025-06-01T14:00,0.362
P006,2025-06-01T15:00,0.382
P006,2025-06-01T16:00,0.517
P006,2025-06-01T17:00,0.722
P006,2025-06-01T18:00,0.856
P006,2025-06-01T19:00,0.724
P006,2025-06-01T20:00,0.549
P006,2025-06-01T21:00,0.425
P007,2025-06-01T08:00,0.45
P007,2025-06-01T09:00,0.676
P007,2025-06-01T10:00,0.9
P007,2025-06-01T11:00,0.705
P007,2025-06-01T12:00,0.419
P007,2025-06-01T13:00,0.289
P007,2025-06-01T14:00,0.281
P007,2025-06-01T15:00,0.398
P007,2025-06-01T16:00,0.57
P007,2025-06-01T17:00,0.74
P007,2025-06-01T18:00,0.806
P007,2025-06-01T19:00,0.735
P007,2025-06-01T20:00,0.59
P007,2025-06-01T21:00,0.389
P008,2025-06-01T08:00,0.507
P008,2025-06-01T09:00,0.74
P008,2025-06-01T10:00,0.801
P008,2025-06-01T11:00,0.726
P008,2025-06-01T12:00,0.478
P008,2025-06-01T13:00,0.338
P008,2025-06-01T14:00,0.297
P008,2025-06-01T15:00,0.4
P008,2025-06-01T16:00,0.502
P008,2025-06-01T17:00,0.741
P008,2025-06-01T18:00,0.845
P008,2025-06-01T19:00,0.793
P008,2025-06-01T20:00,0.578
P008,2025-06-01T21:00,0.362
P009,2025-06-01T08:00,0.46
P009,2025-06-01T09:00,0.672
P009,2025-06-01T10:00,0.891
P009,2025-06-01T11:00,0.741
P009,2025-06-01T12:00,0.44
P009,2025-06-01T13:00,0.348
P009,2025-06-01T14:00,0.331
P009,2025-06-01T15:00,0.351
P009,2025-06-01T16:00,0.567
P009,2025-06-01T17:00,0.751
P009,2025-06-01T18:00,0.878
P009,2025-06-01T19:00,0.75
P009,2025-06-01T20:00,0.491
P009,2025-06-01T21:00,0.368
P010,2025-06-01T08:00,0.412
P010,2025-06-01T09:00,0.747
P010,2025-06-01T10:00,0.888
P010,2025-06-01T11:00,0.737
P010,2025-06-01T12:00,0.441
P010,2025-06-01T13:00,0.29
P010,2025-06-01T14:00,0.358
P010,2025-06-01T15:00,0.43
P010,2025-06-01T16:00,0.499
P010,2025-06-01T17:00,0.746
P010,2025-06-01T18:00,0.807
P010,2025-06-01T19:00,0.773
P010,2025-06-01T20:00,0.567
P010,2025-06-01T21:00,0.349
P011,2025-06-01T08:00,0.458
P011,2025-06-01T09:00,0.709
P011,2025-06-01T10:00,0.827
P011,2025-06-01T11:00,0.741
P011,2025-06-01T12:00,0.452
P011,2025-06-01T13:00,0.305
P011,2025-06-01T14:00,0.324
P011,2025-06-01T15:00,0.409
P011,2025-06-01T16:00,0.511
P011,2025-06-01T17:00,0.729
P011,2025-06-01T18:00,0.9
P011,2025-06-01T19:00,0.762
P011,2025-06-01T20:00,0.534
P011,2025-06-01T21:00,0.387
P012,2025-06-01T08:00,0.422
P012,2025-06-01T09:00,0.676
P012,2025-06-01T10:00,0.834
P012,2025-06-01T11:00,0.713
P012,2025-06-01T12:00,0.433
P012,2025-06-01T13:00,0.306
P012,2025-06-01T14:00,0.277
P012,2025-06-01T15:00,0.399
P012,2025-06-01T16:00,0.514
P012,2025-06-01T17:00,0.788
P012,2025-06-01T18:00,0.886
P012,2025-06-01T19:00,0.704
P012,2025-06-01T20:00,0.514
P012,2025-06-01T21:00,0.403
P013,2025-06-01T08:00,0.431
P013,2025-06-01T09:00,0.667
P013,2025-06-01T10:00,0.894
P013,2025-06-01T11:00,0.711
P013,2025-06-01T12:00,0.457
P013,2025-06-01T13:00,0.363
P013,2025-06-01T14:00,0.351
P013,2025-06-01T15:00,0.355
P013,2025-06-01T16:00,0.5
P013,2025-06-01T17:00,0.74
P013,2025-06-01T18:00,0.842
P013,2025-06-01T19:00,0.744
P013,2025-06-01T20:00,0.564
P013,2025-06-01T21:00,0.403
P014,2025-06-01T08:00,0.508
P014,2025-06-01T09:00,0.664
P014,2025-06-01T10:00,0.84
P014,2025-06-01T11:00,0.688
P014,2025-06-01T12:00,0.496
P014,2025-06-01T13:00,0.309
P014,2025-06-01T14:00,0.289
P014,2025-06-01T15:00,0.381
P014,2025-06-01T16:00,0.533
P014,2025-06-01T17:00,0.725
P014,2025-06-01T18:00,0.825
P014,2025-06-01T19:00,0.79
P014,2025-06-01T20:00,0.535
P014,2025-06-01T21:00,0.422
P015,2025-06-01T08:00,0.465
P015,2025-06-01T09:00,0.659
P015,2025-06-01T10:00,0.9
P015,2025-06-01T11:00,0.738
P015,2025-06-01T12:00,0.507
P015,2025-06-01T13:00,0.377
P015,2025-06-01T14:00,0.355
P015,2025-06-01T15:00,0.352
P015,2025-06-01T16:00,0.539
P015,2025-06-01T17:00,0.719
P015,2025-06-01T18:00,0.84
P015,2025-06-01T19:00,0.703
P015,2025-06-01T20:00,0.529
P015,2025-06-01T21:00,0.434
P016,2025-06-01T08:00,0.437
P016,2025-06-01T09:00,0.732
P016,2025-06-01T10:00,0.846
P016,2025-06-01T11:00,0.696
P016,2025-06-01T12:00,0.506
P016,2025-06-01T13:00,0.384
P016,2025-06-01T14:00,0.326
P016,2025-06-01T15:00,0.408
P016,2025-06-01T16:00,0.506
P016,2025-06-01T17:00,0.727
P016,2025-06-01T18:00,0.897
P016,2025-06-01T19:00,0.755
P016,2025-06-01T20:00,0.545
P016,2025-06-01T21:00,0.41
P017,2025-06-01T08:00,0.416
P017,2025-06-01T09:00,0.712
P017,2025-06-01T10:00,0.85
P017,2025-06-01T11:00,0.739
P017,2025-06-01T12:00,0.426
P017,2025-06-01T13:00,0.38
P017,2025-06-01T14:00,0.278
P017,2025-06-01T15:00,0.354
P017,2025-06-01T16:00,0.55
P017,2025-06-01T17:00,0.765
P017,2025-06-01T18:00,0.824
P017,2025-06-01T19:00,0.709
P017,2025-06-01T20:00,0.58
P017,2025-06-01T21:00,0.36
P018,2025-06-01T08:00,0.469
P018,2025-06-01T09:00,0.716
P018,2025-06-01T10:00,0.842
P018,2025-06-01T11:00,0.712
P018,2025-06-01T12:00,0.462
P018,2025-06-01T13:00,0.378
P018,2025-06-01T14:00,0.291
P018,2025-06-01T15:00,0.407
P018,2025-06-01T16:00,0.515
P018,2025-06-01T17:00,0.737
P018,2025-06-01T18:00,0.867
P018,2025-06-01T19:00,0.727
P018,2025-06-01T20:00,0.522
P018,2025-06-01T21:00,0.411
P019,2025-06-01T08:00,0.417
P019,2025-06-01T09:00,0.7
P019,2025-06-01T10:00,0.9
P019,2025-06-01T11:00,0.754
P019,2025-06-01T12:00,0.417
P019,2025-06-01T13:00,0.306
P019,2025-06-01T14:00,0.297
P019,2025-06-01T15:00,0.429
P019,2025-06-01T16:00,0.579
P019,2025-06-01T17:00,0.785
P019,2025-06-01T18:00,0.837
P019,2025-06-01T19:00,0.713
P019,2025-06-01T20:00,0.574
P019,2025-06-01T21:00,0.406
P020,2025-06-01T08:00,0.471
P020,2025-06-01T09:00,0.753
P020,2025-06-01T10:00,0.865
P020,2025-06-01T11:00,0.655
P020,2025-06-01T12:00,0.492
P020,2025-06-01T13:00,0.314
P020,2025-06-01T14:00,0.337
P020,2025-06-01T15:00,0.43
P020,2025-06-01T16:00,0.504
P020,2025-06-01T17:00,0.709
P020,2025-06-01T18:00,0.811
P020,2025-06-01T19:00,0.753
P020,2025-06-01T20:00,0.518
P020,2025-06-01T21:00,0.396
P001,2025-06-02T08:00,0.362
P001,2025-06-02T09:00,0.554
P001,2025-06-02T10:00,0.743
P001,2025-06-02T11:00,0.56
P001,2025-06-02T12:00,0.339
P001,2025-06-02T13:00,0.255
P001,2025-06-02T14:00,0.235
P001,2025-06-02T15:00,0.225
P001,2025-06-02T16:00,0.413
P001,2025-06-02T17:00,0.605
P001,2025-06-02T18:00,0.68
P001,2025-06-02T19:00,0.654
P001,2025-06-02T20:00,0.434
P001,2025-06-02T21:00,0.242
P002,2025-06-02T08:00,0.364
P002,2025-06-02T09:00,0.589
P002,2025-06-02T10:00,0.723
P002,2025-06-02T11:00,0.535
P002,2025-06-02T12:00,0.298
P002,2025-06-02T13:00,0.253
P002,2025-06-02T14:00,0.241
P002,2025-06-02T15:00,0.27
P002,2025-06-02T16:00,0.454
P002,2025-06-02T17:00,0.636
P002,2025-06-02T18:00,0.695
P002,2025-06-02T19:00,0.59
P002,2025-06-02T20:00,0.402
P002,2025-06-02T21:00,0.306
P003,2025-06-02T08:00,0.37
P003,2025-06-02T09:00,0.62
P003,2025-06-02T10:00,0.77
P003,2025-06-02T11:00,0.555
P003,2025-06-02T12:00,0.315
P003,2025-06-02T13:00,0.174
P003,2025-06-02T14:00,0.228
P003,2025-06-02T15:00,0.304
P003,2025-06-02T16:00,0.411
P003,2025-06-02T17:00,0.639
P003,2025-06-02T18:00,0.695
P003,2025-06-02T19:00,0.67
P003,2025-06-02T20:00,0.457
P003,2025-06-02T21:00,0.313
P004,2025-06-02T08:00,0.371
P004,2025-06-02T09:00,0.622
P004,2025-06-02T10:00,0.682
P004,2025-06-02T11:00,0.608
P004,2025-06-02T12:00,0.323
P004,2025-06-02T13:00,0.257
P004,2025-06-02T14:00,0.23
P004,2025-06-02T15:00,0.302
P004,2025-06-02T16:00,0.452
P004,2025-06-02T17:00,0.604
P004,2025-06-02T18:00,0.759
P004,2025-06-02T19:00,0.588
P004,2025-06-02T20:00,0.458
P004,2025-06-02T21:00,0.302
P005,2025-06-02T08:00,0.312
P005,2025-06-02T09:00,0.616
P005,2025-06-02T10:00,0.726
P005,2025-06-02T11:00,0.564
P005,2025-06-02T12:00,0.37
P005,2025-06-02T13:00,0.187
P005,2025-06-02T14:00,0.153
P005,2025-06-02T15:00,0.235
P005,2025-06-02T16:00,0.404
P005,2025-06-02T17:00,0.664
P005,2025-06-02T18:00,0.777
P005,2025-06-02T19:00,0.605
P005,2025-06-02T20:00,0.435
P005,2025-06-02T21:00,0.256
P006,2025-06-02T08:00,0.388
P006,2025-06-02T09:00,0.588
P006,2025-06-02T10:00,0.774
P006,2025-06-02T11:00,0.545
P006,2025-06-02T12:00,0.387
P006,2025-06-02T13:00,0.182
P006,2025-06-02T14:00,0.246
P006,2025-06-02T15:00,0.242
P006,2025-06-02T16:00,0.382
P006,2025-06-02T17:00,0.621
P006,2025-06-02T18:00,0.753
P006,2025-06-02T19:00,0.609
P006,2025-06-02T20:00,0.431
P006,2025-06-02T21:00,0.267
P007,2025-06-02T08:00,0.329
P007,2025-06-02T09:00,0.592
P007,2025-06-02T10:00,0.705
P007,2025-06-02T11:00,0.605
P007,2025-06-02T12:00,0.29
P007,2025-06-02T13:00,0.257
P007,2025-06-02T14:00,0.204
P007,2025-06-02T15:00,0.288
P007,2025-06-02T16:00,0.445
P007,2025-06-02T17:00,0.644
P007,2025-06-02T18:00,0.716
P007,2025-06-02T19:00,0.584
P007,2025-06-02T20:00,0.437
P007,2025-06-02T21:00,0.249
P008,2025-06-02T08:00,0.321
P008,2025-06-02T09:00,0.619
P008,2025-06-02T10:00,0.752
P008,2025-06-02T11:00,0.564
P008,2025-06-02T12:00,0.321
P008,2025-06-02T13:00,0.205
P008,2025-06-02T14:00,0.19
P008,2025-06-02T15:00,0.245
P008,2025-06-02T16:00,0.383
P008,2025-06-02T17:00,0.619
P008,2025-06-02T18:00,0.774
P008,2025-06-02T19:00,0.645
P008,2025-06-02T20:00,0.461
P008,2025-06-02T21:00,0.277
P009,2025-06-02T08:00,0.32
P009,2025-06-02T09:00,0.589
P009,2025-06-02T10:00,0.68
P009,2025-06-02T11:00,0.563
P009,2025-06-02T12:00,0.333
P009,2025-06-02T13:00,0.222
P009,2025-06-02T14:00,0.216
P009,2025-06-02T15:00,0.262
P009,2025-06-02T16:00,0.415
P009,2025-06-02T17:00,0.599
P009,2025-06-02T18:00,0.727
P009,2025-06-02T19:00,0.667
P009,2025-06-02T20:00,0.45
P009,2025-06-02T21:00,0.233
P010,2025-06-02T08:00,0.299
P010,2025-06-02T09:00,0.585
P010,2025-06-02T10:00,0.743
P010,2025-06-02T11:00,0.567
P010,2025-06-02T12:00,0.372
P010,2025-06-02T13:00,0.239
P010,2025-06-02T14:00,0.217
P010,2025-06-02T15:00,0.238
P010,2025-06-02T16:00,0.391
P010,2025-06-02T17:00,0.58
P010,2025-06-02T18:00,0.704
P010,2025-06-02T19:00,0.625
P010,2025-06-02T20:00,0.456
P010,2025-06-02T21:00,0.223
P011,2025-06-02T08:00,0.331
P011,2025-06-02T09:00,0.597
P011,2025-06-02T10:00,0.699
P011,2025-06-02T11:00,0.604
P011,2025-06-02T12:00,0.339
P011,2025-06-02T13:00,0.189
P011,2025-06-02T14:00,0.216
P011,2025-06-02T15:00,0.216
P011,2025-06-02T16:00,0.446
P011,2025-06-02T17:00,0.654
P011,2025-06-02T18:00,0.691
P011,2025-06-02T19:00,0.62
P011,2025-06-02T20:00,0.388
P011,2025-06-02T21:00,0.311
P012,2025-06-02T08:00,0.342
P012,2025-06-02T09:00,0.539
P012,2025-06-02T10:00,0.705
P012,2025-06-02T11:00,0.619
P012,2025-06-02T12:00,0.336
P012,2025-06-02T13:00,0.244
P012,2025-06-02T14:00,0.217
P012,2025-06-02T15:00,0.314
P012,2025-06-02T16:00,0.43
P012,2025-06-02T17:00,0.672
P012,2025-06-02T18:00,0.769
P012,2025-06-02T19:00,0.639
P012,2025-06-02T20:00,0.443
P012,2025-06-02T21:00,0.266
P013,2025-06-02T08:00,0.373
P013,2025-06-02T09:00,0.589
P013,2025-06-02T10:00,0.77
P013,2025-06-02T11:00,0.608
P013,2025-06-02T12:00,0.337
P013,2025-06-02T13:00,0.19
P013,2025-06-02T14:00,0.175
P013,2025-06-02T15:00,0.279
P013,2025-06-02T16:00,0.447
P013,2025-06-02T17:00,0.629
P013,2025-06-02T18:00,0.743
P013,2025-06-02T19:00,0.605
P013,2025-06-02T20:00,0.378
P013,2025-06-02T21:00,0.244
P014,2025-06-02T08:00,0.317
P014,2025-06-02T09:00,0.566
P014,2025-06-02T10:00,0.734
P014,2025-06-02T11:00,0.548
P014,2025-06-02T12:00,0.313
P014,2025-06-02T13:00,0.234
P014,2025-06-02T14:00,0.221
P014,2025-06-02T15:00,0.222
P014,2025-06-02T16:00,0.411
P014,2025-06-02T17:00,0.632
P014,2025-06-02T18:00,0.722
P014,2025-06-02T19:00,0.598
P014,2025-06-02T20:00,0.413
P014,2025-06-02T21:00,0.306
P015,2025-06-02T08:00,0.348
P015,2025-06-02T09:00,0.603
P015,2025-06-02T10:00,0.766
P015,2025-06-02T11:00,0.611
P015,2025-06-02T12:00,0.328
P015,2025-06-02T13:00,0.165
P015,2025-06-02T14:00,0.185
P015,2025-06-02T15:00,0.291
P015,2025-06-02T16:00,0.456
P015,2025-06-02T17:00,0.673
P015,2025-06-02T18:00,0.722
P015,2025-06-02T19:00,0.652
P015,2025-06-02T20:00,0.425
P015,2025-06-02T21:00,0.276
P016,2025-06-02T08:00,0.312
P016,2025-06-02T09:00,0.556
P016,2025-06-02T10:00,0.724
P016,2025-06-02T11:00,0.537
P016,2025-06-02T12:00,0.324
P016,2025-06-02T13:00,0.232
P016,2025-06-02T14:00,0.191
P016,2025-06-02T15:00,0.232
P016,2025-06-02T16:00,0.417
P016,2025-06-02T17:00,0.59
P016,2025-06-02T18:00,0.742
P016,2025-06-02T19:00,0.58
P016,2025-06-02T20:00,0.41
P016,2025-06-02T21:00,0.272
P017,2025-06-02T08:00,0.293
P017,2025-06-02T09:00,0.598
P017,2025-06-02T10:00,0.694
P017,2025-06-02T11:00,0.58
P017,2025-06-02T12:00,0.295
P017,2025-06-02T13:00,0.202
P017,2025-06-02T14:00,0.171
P017,2025-06-02T15:00,0.248
P017,2025-06-02T16:00,0.447
P017,2025-06-02T17:00,0.615
P017,2025-06-02T18:00,0.755
P017,2025-06-02T19:00,0.661
P017,2025-06-02T20:00,0.396
P017,2025-06-02T21:00,0.224
P018,2025-06-02T08:00,0.292
P018,2025-06-02T09:00,0.588
P018,2025-06-02T10:00,0.78
P018,2025-06-02T11:00,0.569
P018,2025-06-02T12:00,0.355
P018,2025-06-02T13:00,0.242
P018,2025-06-02T14:00,0.215
P018,2025-06-02T15:00,0.291
P018,2025-06-02T16:00,0.466
P018,2025-06-02T17:00,0.597
P018,2025-06-02T18:00,0.682
P018,2025-06-02T19:00,0.593
P018,2025-06-02T20:00,0.383
P018,2025-06-02T21:00,0.283
P019,2025-06-02T08:00,0.346
P019,2025-06-02T09:00,0.556
P019,2025-06-02T10:00,0.75
P019,2025-06-02T11:00,0.611
P019,2025-06-02T12:00,0.307
P019,2025-06-02T13:00,0.225
P019,2025-06-02T14:00,0.225
P019,2025-06-02T15:00,0.227
P019,2025-06-02T16:00,0.453
P019,2025-06-02T17:00,0.674
P019,2025-06-02T18:00,0.691
P019,2025-06-02T19:00,0.58
P019,2025-06-02T20:00,0.402
P019,2025-06-02T21:00,0.283
P020,2025-06-02T08:00,0.386
P020,2025-06-02T09:00,0.574
P020,2025-06-02T10:00,0.752
P020,2025-06-02T11:00,0.542
P020,2025-06-02T12:00,0.359
P020,2025-06-02T13:00,0.227
P020,2025-06-02T14:00,0.16
P020,2025-06-02T15:00,0.293
P020,2025-06-02T16:00,0.456
P020,2025-06-02T17:00,0.637
P020,2025-06-02T18:00,0.692
P020,2025-06-02T19:00,0.676
P020,2025-06-02T20:00,0.449
P020,2025-06-02T21:00,0.25
P001,2025-06-03T08:00,0.333
P001,2025-06-03T09:00,0.571
P001,2025-06-03T10:00,0.731
P001,2025-06-03T11:00,0.568
P001,2025-06-03T12:00,0.375
P001,2025-06-03T13:00,0.246
P001,2025-06-03T14:00,0.161
P001,2025-06-03T15:00,0.312
P001,2025-06-03T16:00,0.434
P001,2025-06-03T17:00,0.66
P001,2025-06-03T18:00,0.751
P001,2025-06-03T19:00,0.621
P001,2025-06-03T20:00,0.444
P001,2025-06-03T21:00,0.312
P002,2025-06-03T08:00,0.317
P002,2025-06-03T09:00,0.615
P002,2025-06-03T10:00,0.734
P002,2025-06-03T11:00,0.582
P002,2025-06-03T12:00,0.334
P002,2025-06-03T13:00,0.237
P002,2025-06-03T14:00,0.177
P002,2025-06-03T15:00,0.301
P002,2025-06-03T16:00,0.454
P002,2025-06-03T17:00,0.586
P002,2025-06-03T18:00,0.768
P002,2025-06-03T19:00,0.602
P002,2025-06-03T20:00,0.417
P002,2025-06-03T21:00,0.277
P003,2025-06-03T08:00,0.328
P003,2025-06-03T09:00,0.537
P003,2025-06-03T10:00,0.765
P003,2025-06-03T11:00,0.552
P003,2025-06-03T12:00,0.311
P003,2025-06-03T13:00,0.244
P003,2025-06-03T14:00,0.184
P003,2025-06-03T15:00,0.304
P003,2025-06-03T16:00,0.441
P003,2025-06-03T17:00,0.605
P003,2025-06-03T18:00,0.681
P003,2025-06-03T19:00,0.672
P003,2025-06-03T20:00,0.379
P003,2025-06-03T21:00,0.288
P004,2025-06-03T08:00,0.339
P004,2025-06-03T09:00,0.61
P004,2025-06-03T10:00,0.749
P004,2025-06-03T11:00,0.599
P004,2025-06-03T12:00,0.339
P004,2025-06-03T13:00,0.243
P004,2025-06-03T14:00,0.159
P004,2025-06-03T15:00,0.238
P004,2025-06-03T16:00,0.44
P004,2025-06-03T17:00,0.608
P004,2025-06-03T18:00,0.738
P004,2025-06-03T19:00,0.625
P004,2025-06-03T20:00,0.424
P004,2025-06-03T21:00,0.258
P005,2025-06-03T08:00,0.365
P005,2025-06-03T09:00,0.567
P005,2025-06-03T10:00,0.75
P005,2025-06-03T11:00,0.561
P005,2025-06-03T12:00,0.315
P005,2025-06-03T13:00,0.176
P005,2025-06-03T14:00,0.169
P005,2025-06-03T15:00,0.228
P005,2025-06-03T16:00,0.424
P005,2025-06-03T17:00,0.654
P005,2025-06-03T18:00,0.699
P005,2025-06-03T19:00,0.599
P005,2025-06-03T20:00,0.419
P005,2025-06-03T21:00,0.288
P006,2025-06-03T08:00,0.388
P006,2025-06-03T09:00,0.586
P006,2025-06-03T10:00,0.708
P006,2025-06-03T11:00,0.544
P006,2025-06-03T12:00,0.309
P006,2025-06-03T13:00,0.187
P006,2025-06-03T14:00,0.168
P006,2025-06-03T15:00,0.217
P006,2025-06-03T16:00,0.424
P006,2025-06-03T17:00,0.605
P006,2025-06-03T18:00,0.777
P006,2025-06-03T19:00,0.633
P006,2025-06-03T20:00,0.44
P006,2025-06-03T21:00,0.228
P007,2025-06-03T08:00,0.377
P007,2025-06-03T09:00,0.583
P007,2025-06-03T10:00,0.767
P007,2025-06-03T11:00,0.591
P007,2025-06-03T12:00,0.337
P007,2025-06-03T13:00,0.208
P007,2025-06-03T14:00,0.169
P007,2025-06-03T15:00,0.221
P007,2025-06-03T16:00,0.465
P007,2025-06-03T17:00,0.625
P007,2025-06-03T18:00,0.762
P007,2025-06-03T19:00,0.617
P007,2025-06-03T20:00,0.378
P007,2025-06-03T21:00,0.279
P008,2025-06-03T08:00,0.295
P008,2025-06-03T09:00,0.549
P008,2025-06-03T10:00,0.736
P008,2025-06-03T11:00,0.564
P008,2025-06-03T12:00,0.389
P008,2025-06-03T13:00,0.176
P008,2025-06-03T14:00,0.227
P008,2025-06-03T15:00,0.276
P008,2025-06-03T16:00,0.45
P008,2025-06-03T17:00,0.6
P008,2025-06-03T18:00,0.732
P008,2025-06-03T19:00,0.622
P008,2025-06-03T20:00,0.415
P008,2025-06-03T21:00,0.302
P009,2025-06-03T08:00,0.389
P009,2025-06-03T09:00,0.564
P009,2025-06-03T10:00,0.742
P009,2025-06-03T11:00,0.595
P009,2025-06-03T12:00,0.364
P009,2025-06-03T13:00,0.259
P009,2025-06-03T14:00,0.171
P009,2025-06-03T15:00,0.237
P009,2025-06-03T16:00,0.437
P009,2025-06-03T17:00,0.593
P009,2025-06-03T18:00,0.697
P009,2025-06-03T19:00,0.585
P009,2025-06-03T20:00,0.371
P009,2025-06-03T21:00,0.261
P010,2025-06-03T08:00,0.349
P010,2025-06-03T09:00,0.563
P010,2025-06-03T10:00,0.703
P010,2025-06-03T11:00,0.605
P010,2025-06-03T12:00,0.36
P010,2025-06-03T13:00,0.21
P010,2025-06-03T14:00,0.219
P010,2025-06-03T15:00,0.308
P010,2025-06-03T16:00,0.449
P010,2025-06-03T17:00,0.64
P010,2025-06-03T18:00,0.746
P010,2025-06-03T19:00,0.671
P010,2025-06-03T20:00,0.413
P010,2025-06-03T21:00,0.27
P011,2025-06-03T08:00,0.355
P011,2025-06-03T09:00,0.625
P011,2025-06-03T10:00,0.763
P011,2025-06-03T11:00,0.541
P011,2025-06-03T12:00,0.307
P011,2025-06-03T13:00,0.195
P011,2025-06-03T14:00,0.225
P011,2025-06-03T15:00,0.273
P011,2025-06-03T16:00,0.4
P011,2025-06-03T17:00,0.59
P011,2025-06-03T18:00,0.749
P011,2025-06-03T19:00,0.647
P011,2025-06-03T20:00,0.465
P011,2025-06-03T21:00,0.266
P012,2025-06-03T08:00,0.339
P012,2025-06-03T09:00,0.542
P012,2025-06-03T10:00,0.684
P012,2025-06-03T11:00,0.577
P012,2025-06-03T12:00,0.322
P012,2025-06-03T13:00,0.189
P012,2025-06-03T14:00,0.159
P012,2025-06-03T15:00,0.312
P012,2025-06-03T16:00,0.454
P012,2025-06-03T17:00,0.635
P012,2025-06-03T18:00,0.775
P012,2025-06-03T19:00,0.677
P012,2025-06-03T20:00,0.438
P012,2025-06-03T21:00,0.243
P013,2025-06-03T08:00,0.294
P013,2025-06-03T09:00,0.61
P013,2025-06-03T10:00,0.727
P013,2025-06-03T11:00,0.599
P013,2025-06-03T12:00,0.382
P013,2025-06-03T13:00,0.182
P013,2025-06-03T14:00,0.209
P013,2025-06-03T15:00,0.279
P013,2025-06-03T16:00,0.42
P013,2025-06-03T17:00,0.586
P013,2025-06-03T18:00,0.715
P013,2025-06-03T19:00,0.611
P013,2025-06-03T20:00,0.438
P013,2025-06-03T21:00,0.301
P014,2025-06-03T08:00,0.323
P014,2025-06-03T09:00,0.603
P014,2025-06-03T10:00,0.709
P014,2025-06-03T11:00,0.628
P014,2025-06-03T12:00,0.371
P014,2025-06-03T13:00,0.219
P014,2025-06-03T14:00,0.196
P014,2025-06-03T15:00,0.247
P014,2025-06-03T16:00,0.403
P014,2025-06-03T17:00,0.674
P014,2025-06-03T18:00,0.72
P014,2025-06-03T19:00,0.629
P014,2025-06-03T20:00,0.469
P014,2025-06-03T21:00,0.281
P015,2025-06-03T08:00,0.344
P015,2025-06-03T09:00,0.575
P015,2025-06-03T10:00,0.699
P015,2025-06-03T11:00,0.57
P015,2025-06-03T12:00,0.366
P015,2025-06-03T13:00,0.227
P015,2025-06-03T14:00,0.226
P015,2025-06-03T15:00,0.236
P015,2025-06-03T16:00,0.426
P015,2025-06-03T17:00,0.67
P015,2025-06-03T18:00,0.724
P015,2025-06-03T19:00,0.647
P015,2025-06-03T20:00,0.383
P015,2025-06-03T21:00,0.313
P016,2025-06-03T08:00,0.351
P016,2025-06-03T09:00,0.558
P016,2025-06-03T10:00,0.696
P016,2025-06-03T11:00,0.589
P016,2025-06-03T12:00,0.345
P016,2025-06-03T13:00,0.174
P016,2025-06-03T14:00,0.249
P016,2025-06-03T15:00,0.307
P016,2025-06-03T16:00,0.417
P016,2025-06-03T17:00,0.589
P016,2025-06-03T18:00,0.763
P016,2025-06-03T19:00,0.627
P016,2025-06-03T20:00,0.442
P016,2025-06-03T21:00,0.267
P017,2025-06-03T08:00,0.317
P017,2025-06-03T09:00,0.617
P017,2025-06-03T10:00,0.778
P017,2025-06-03T11:00,0.558
P017,2025-06-03T12:00,0.345
P017,2025-06-03T13:00,0.203
P017,2025-06-03T14:00,0.242
P017,2025-06-03T15:00,0.266
P017,2025-06-03T16:00,0.459
P017,2025-06-03T17:00,0.664
P017,2025-06-03T18:00,0.708
P017,2025-06-03T19:00,0.656
P017,2025-06-03T20:00,0.412
P017,2025-06-03T21:00,0.309
P018,2025-06-03T08:00,0.341
P018,2025-06-03T09:00,0.616
P018,2025-06-03T10:00,0.708
P018,2025-06-03T11:00,0.564
P018,2025-06-03T12:00,0.349
P018,2025-06-03T13:00,0.264
P018,2025-06-03T14:00,0.199
P018,2025-06-03T15:00,0.231
P018,2025-06-03T16:00,0.425
P018,2025-06-03T17:00,0.612
P018,2025-06-03T18:00,0.735
P018,2025-06-03T19:00,0.632
P018,2025-06-03T20:00,0.416
P018,2025-06-03T21:00,0.248
P019,2025-06-03T08:00,0.309
P019,2025-06-03T09:00,0.604
P019,2025-06-03T10:00,0.737
P019,2025-06-03T11:00,0.557
P019,2025-06-03T12:00,0.368
P019,2025-06-03T13:00,0.169
P019,2025-06-03T14:00,0.225
P019,2025-06-03T15:00,0.286
P019,2025-06-03T16:00,0.452
P019,2025-06-03T17:00,0.616
P019,2025-06-03T18:00,0.746
P019,2025-06-03T19:00,0.659
P019,2025-06-03T20:00,0.469
P019,2025-06-03T21:00,0.265
P020,2025-06-03T08:00,0.294
P020,2025-06-03T09:00,0.584
P020,2025-06-03T10:00,0.739
P020,2025-06-03T11:00,0.621
P020,2025-06-03T12:00,0.377
P020,2025-06-03T13:00,0.208
P020,2025-06-03T14:00,0.203
P020,2025-06-03T15:00,0.261
P020,2025-06-03T16:00,0.443
P020,2025-06-03T17:00,0.618
P020,2025-06-03T18:00,0.745
P020,2025-06-03T19:00,0.593
P020,2025-06-03T20:00,0.418
P020,2025-06-03T21:00,0.313
P001,2025-06-04T08:00,0.324
P001,2025-06-04T09:00,0.603
P001,2025-06-04T10:00,0.745
P001,2025-06-04T11:00,0.619
P001,2025-06-04T12:00,0.375
P001,2025-06-04T13:00,0.25
P001,2025-06-04T14:00,0.188
P001,2025-06-04T15:00,0.247
P001,2025-06-04T16:00,0.443
P001,2025-06-04T17:00,0.653
P001,2025-06-04T18:00,0.767
P001,2025-06-04T19:00,0.581
P001,2025-06-04T20:00,0.378
P001,2025-06-04T21:00,0.279
P002,2025-06-04T08:00,0.382
P002,2025-06-04T09:00,0.634
P002,2025-06-04T10:00,0.755
P002,2025-06-04T11:00,0.577
P002,2025-06-04T12:00,0.3
P002,2025-06-04T13:00,0.228
P002,2025-06-04T14:00,0.237
P002,2025-06-04T15:00,0.26
P002,2025-06-04T16:00,0.44
P002,2025-06-04T17:00,0.668
P002,2025-06-04T18:00,0.685
P002,2025-06-04T19:00,0.657
P002,2025-06-04T20:00,0.4
P002,2025-06-04T21:00,0.253
P003,2025-06-04T08:00,0.305
P003,2025-06-04T09:00,0.587
P003,2025-06-04T10:00,0.737
P003,2025-06-04T11:00,0.613
P003,2025-06-04T12:00,0.307
P003,2025-06-04T13:00,0.172
P003,2025-06-04T14:00,0.237
P003,2025-06-04T15:00,0.278
P003,2025-06-04T16:00,0.395
P003,2025-06-04T17:00,0.669
P003,2025-06-04T18:00,0.694
P003,2025-06-04T19:00,0.623
P003,2025-06-04T20:00,0.396
P003,2025-06-04T21:00,0.241
P004,2025-06-04T08:00,0.291
P004,2025-06-04T09:00,0.614
P004,2025-06-04T10:00,0.77
P004,2025-06-04T11:00,0.602
P004,2025-06-04T12:00,0.306
P004,2025-06-04T13:00,0.208
P004,2025-06-04T14:00,0.185
P004,2025-06-04T15:00,0.274
P004,2025-06-04T16:00,0.435
P004,2025-06-04T17:00,0.62
P004,2025-06-04T18:00,0.705
P004,2025-06-04T19:00,0.662
P004,2025-06-04T20:00,0.391
P004,2025-06-04T21:00,0.254
P005,2025-06-04T08:00,0.338
P005,2025-06-04T09:00,0.558
P005,2025-06-04T10:00,0.737
P005,2025-06-04T11:00,0.591
P005,2025-06-04T12:00,0.389
P005,2025-06-04T13:00,0.194
P005,2025-06-04T14:00,0.248
P005,2025-06-04T15:00,0.281
P005,2025-06-04T16:00,0.398
P005,2025-06-04T17:00,0.634
P005,2025-06-04T18:00,0.749
P005,2025-06-04T19:00,0.652
P005,2025-06-04T20:00,0.376
P005,2025-06-04T21:00,0.276
P006,2025-06-04T08:00,0.34
P006,2025-06-04T09:00,0.624
P006,2025-06-04T10:00,0.709
P006,2025-06-04T11:00,0.614
P006,2025-06-04T12:00,0.351
P006,2025-06-04T13:00,0.199
P006,2025-06-04T14:00,0.214
P006,2025-06-04T15:00,0.278
P006,2025-06-04T16:00,0.438
P006,2025-06-04T17:00,0.649
P006,2025-06-04T18:00,0.746
P006,2025-06-04T19:00,0.661
P006,2025-06-04T20:00,0.434
P006,2025-06-04T21:00,0.306
P007,2025-06-04T08:00,0.355
P007,2025-06-04T09:00,0.565
P007,2025-06-04T10:00,0.724
P007,2025-06-04T11:00,0.592
P007,2025-06-04T12:00,0.363
P007,2025-06-04T13:00,0.173
P007,2025-06-04T14:00,0.18
P007,2025-06-04T15:00,0.29
P007,2025-06-04T16:00,0.388
P007,2025-06-04T17:00,0.591
P007,2025-06-04T18:00,0.734
P007,2025-06-04T19:00,0.674
P007,2025-06-04T20:00,0.424
P007,2025-06-04T21:00,0.307
P008,2025-06-04T08:00,0.373
P008,2025-06-04T09:00,0.56
P008,2025-06-04T10:00,0.762
P008,2025-06-04T11:00,0.582
P008,2025-06-04T12:00,0.371
P008,2025-06-04T13:00,0.239
P008,2025-06-04T14:00,0.184
P008,2025-06-04T15:00,0.227
P008,2025-06-04T16:00,0.467
P008,2025-06-04T17:00,0.591
P008,2025-06-04T18:00,0.777
P008,2025-06-04T19:00,0.663
P008,2025-06-04T20:00,0.443
P008,2025-06-04T21:00,0.314
P009,2025-06-04T08:00,0.387
P009,2025-06-04T09:00,0.614
P009,2025-06-04T10:00,0.717
P009,2025-06-04T11:00,0.613
P009,2025-06-04T12:00,0.291
P009,2025-06-04T13:00,0.218
P009,2025-06-04T14:00,0.196
P009,2025-06-04T15:00,0.283
P009,2025-06-04T16:00,0.438
P009,2025-06-04T17:00,0.636
P009,2025-06-04T18:00,0.762
P009,2025-06-04T19:00,0.671
P009,2025-06-04T20:00,0.382
P009,2025-06-04T21:00,0.239
P010,2025-06-04T08:00,0.293
P010,2025-06-04T09:00,0.622
P010,2025-06-04T10:00,0.736
P010,2025-06-04T11:00,0.625
P010,2025-06-04T12:00,0.312
P010,2025-06-04T13:00,0.171
P010,2025-06-04T14:00,0.233
P010,2025-06-04T15:00,0.307
P010,2025-06-04T16:00,0.401
P010,2025-06-04T17:00,0.618
P010,2025-06-04T18:00,0.694
P010,2025-06-04T19:00,0.672
P010,2025-06-04T20:00,0.401
P010,2025-06-04T21:00,0.265
P011,2025-06-04T08:00,0.3
P011,2025-06-04T09:00,0.623
P011,2025-06-04T10:00,0.694
P011,2025-06-04T11:00,0.579
P011,2025-06-04T12:00,0.357
P011,2025-06-04T13:00,0.239
P011,2025-06-04T14:00,0.245
P011,2025-06-04T15:00,0.258
P011,2025-06-04T16:00,0.445
P011,2025-06-04T17:00,0.593
P011,2025-06-04T18:00,0.721
P011,2025-06-04T19:00,0.587
P011,2025-06-04T20:00,0.42
P011,2025-06-04T21:00,0.256
P012,2025-06-04T08:00,0.385
P012,2025-06-04T09:00,0.537
P012,2025-06-04T10:00,0.717
P012,2025-06-04T11:00,0.578
P012,2025-06-04T12:00,0.385
P012,2025-06-04T13:00,0.25
P012,2025-06-04T14:00,0.16
P012,2025-06-04T15:00,0.284
P012,2025-06-04T16:00,0.425
P012,2025-06-04T17:00,0.675
P012,2025-06-04T18:00,0.716
P012,2025-06-04T19:00,0.617
P012,2025-06-04T20:00,0.39
P012,2025-06-04T21:00,0.228
P013,2025-06-04T08:00,0.375
P013,2025-06-04T09:00,0.579
P013,2025-06-04T10:00,0.746
P013,2025-06-04T11:00,0.598
P013,2025-06-04T12:00,0.35
P013,2025-06-04T13:00,0.166
P013,2025-06-04T14:00,0.229
P013,2025-06-04T15:00,0.24
P013,2025-06-04T16:00,0.383
P013,2025-06-04T17:00,0.634
P013,2025-06-04T18:00,0.687
P013,2025-06-04T19:00,0.654
P013,2025-06-04T20:00,0.391
P013,2025-06-04T21:00,0.237
P014,2025-06-04T08:00,0.377
P014,2025-06-04T09:00,0.567
P014,2025-06-04T10:00,0.695
P014,2025-06-04T11:00,0.624
P014,2025-06-04T12:00,0.29
P014,2025-06-04T13:00,0.25
P014,2025-06-04T14:00,0.165
P014,2025-06-04T15:00,0.229
P014,2025-06-04T16:00,0.396
P014,2025-06-04T17:00,0.595
P014,2025-06-04T18:00,0.746
P014,2025-06-04T19:00,0.58
P014,2025-06-04T20:00,0.372
P014,2025-06-04T21:00,0.295
P015,2025-06-04T08:00,0.314
P015,2025-06-04T09:00,0.566
P015,2025-06-04T10:00,0.697
P015,2025-06-04T11:00,0.539
P015,2025-06-04T12:00,0.364
P015,2025-06-04T13:00,0.217
P015,2025-06-04T14:00,0.225
P015,2025-06-04T15:00,0.263
P015,2025-06-04T16:00,0.448
P015,2025-06-04T17:00,0.629
P015,2025-06-04T18:00,0.691
P015,2025-06-04T19:00,0.628
P015,2025-06-04T20:00,0.465
P015,2025-06-04T21:00,0.22
P016,2025-06-04T08:00,0.368
P016,2025-06-04T09:00,0.621
P016,2025-06-04T10:00,0.732
P016,2025-06-04T11:00,0.58
P016,2025-06-04T12:00,0.386
P016,2025-06-04T13:00,0.17
P016,2025-06-04T14:00,0.198
P016,2025-06-04T15:00,0.256
P016,2025-06-04T16:00,0.439
P016,2025-06-04T17:00,0.626
P016,2025-06-04T18:00,0.771
P016,2025-06-04T19:00,0.585
P016,2025-06-04T20:00,0.379
P016,2025-06-04T21:00,0.276
P017,2025-06-04T08:00,0.297
P017,2025-06-04T09:00,0.561
P017,2025-06-04T10:00,0.743
P017,2025-06-04T11:00,0.589
P017,2025-06-04T12:00,0.323
P017,2025-06-04T13:00,0.264
P017,2025-06-04T14:00,0.203
P017,2025-06-04T15:00,0.261
P017,2025-06-04T16:00,0.431
P017,2025-06-04T17:00,0.587
P017,2025-06-04T18:00,0.75
P017,2025-06-04T19:00,0.663
P017,2025-06-04T20:00,0.436
P017,2025-06-04T21:00,0.293
P018,2025-06-04T08:00,0.362
P018,2025-06-04T09:00,0.555
P018,2025-06-04T10:00,0.725
P018,2025-06-04T11:00,0.557
P018,2025-06-04T12:00,0.324
P018,2025-06-04T13:00,0.21
P018,2025-06-04T14:00,0.192
P018,2025-06-04T15:00,0.225
P018,2025-06-04T16:00,0.413
P018,2025-06-04T17:00,0.644
P018,2025-06-04T18:00,0.717
P018,2025-06-04T19:00,0.593
P018,2025-06-04T20:00,0.463
P018,2025-06-04T21:00,0.222
P019,2025-06-04T08:00,0.373
P019,2025-06-04T09:00,0.543
P019,2025-06-04T10:00,0.69
P019,2025-06-04T11:00,0.608
P019,2025-06-04T12:00,0.371
P019,2025-06-04T13:00,0.22
P019,2025-06-04T14:00,0.209
P019,2025-06-04T15:00,0.272
P019,2025-06-04T16:00,0.404
P019,2025-06-04T17:00,0.59
P019,2025-06-04T18:00,0.715
P019,2025-06-04T19:00,0.644
P019,2025-06-04T20:00,0.446
P019,2025-06-04T21:00,0.302
P020,2025-06-04T08:00,0.362
P020,2025-06-04T09:00,0.631
P020,2025-06-04T10:00,0.74
P020,2025-06-04T11:00,0.569
P020,2025-06-04T12:00,0.348
P020,2025-06-04T13:00,0.185
P020,2025-06-04T14:00,0.216
P020,2025-06-04T15:00,0.238
P020,2025-06-04T16:00,0.382
P020,2025-06-04T17:00,0.662
P020,2025-06-04T18:00,0.717
P020,2025-06-04T19:00,0.654
P020,2025-06-04T20:00,0.428
P020,2025-06-04T21:00,0.296
P001,2025-06-05T08:00,0.375
P001,2025-06-05T09:00,0.631
P001,2025-06-05T10:00,0.762
P001,2025-06-05T11:00,0.595
P001,2025-06-05T12:00,0.354
P001,2025-06-05T13:00,0.167
P001,2025-06-05T14:00,0.243
P001,2025-06-05T15:00,0.299
P001,2025-06-05T16:00,0.397
P001,2025-06-05T17:00,0.595
P001,2025-06-05T18:00,0.75
P001,2025-06-05T19:00,0.608
P001,2025-06-05T20:00,0.405
P001,2025-06-05T21:00,0.216
P002,2025-06-05T08:00,0.377
P002,2025-06-05T09:00,0.591
P002,2025-06-05T10:00,0.72
P002,2025-06-05T11:00,0.548
P002,2025-06-05T12:00,0.353
P002,2025-06-05T13:00,0.167
P002,2025-06-05T14:00,0.225
P002,2025-06-05T15:00,0.237
P002,2025-06-05T16:00,0.413
P002,2025-06-05T17:00,0.611
P002,2025-06-05T18:00,0.717
P002,2025-06-05T19:00,0.649
P002,2025-06-05T20:00,0.448
P002,2025-06-05T21:00,0.272
P003,2025-06-05T08:00,0.299
P003,2025-06-05T09:00,0.539
P003,2025-06-05T10:00,0.696
P003,2025-06-05T11:00,0.596
P003,2025-06-05T12:00,0.357
P003,2025-06-05T13:00,0.191
P003,2025-06-05T14:00,0.216
P003,2025-06-05T15:00,0.264
P003,2025-06-05T16:00,0.415
P003,2025-06-05T17:00,0.605
P003,2025-06-05T18:00,0.755
P003,2025-06-05T19:00,0.589
P003,2025-06-05T20:00,0.414
P003,2025-06-05T21:00,0.244
P004,2025-06-05T08:00,0.358
P004,2025-06-05T09:00,0.583
P004,2025-06-05T10:00,0.747
P004,2025-06-05T11:00,0.538
P004,2025-06-05T12:00,0.33
P004,2025-06-05T13:00,0.224
P004,2025-06-05T14:00,0.151
P004,2025-06-05T15:00,0.246
P004,2025-06-05T16:00,0.392
P004,2025-06-05T17:00,0.591
P004,2025-06-05T18:00,0.706
P004,2025-06-05T19:00,0.61
P004,2025-06-05T20:00,0.371
P004,2025-06-05T21:00,0.29
P005,2025-06-05T08:00,0.308
P005,2025-06-05T09:00,0.572
P005,2025-06-05T10:00,0.75
P005,2025-06-05T11:00,0.584
P005,2025-06-05T12:00,0.373
P005,2025-06-05T13:00,0.245
P005,2025-06-05T14:00,0.157
P005,2025-06-05T15:00,0.302
P005,2025-06-05T16:00,0.375
P005,2025-06-05T17:00,0.579
P005,2025-06-05T18:00,0.772
P005,2025-06-05T19:00,0.664
P005,2025-06-05T20:00,0.428
P005,2025-06-05T21:00,0.273
P006,2025-06-05T08:00,0.361
P006,2025-06-05T09:00,0.576
P006,2025-06-05T10:00,0.692
P006,2025-06-05T11:00,0.536
P006,2025-06-05T12:00,0.323
P006,2025-06-05T13:00,0.244
P006,2025-06-05T14:00,0.212
P006,2025-06-05T15:00,0.299
P006,2025-06-05T16:00,0.463
P006,2025-06-05T17:00,0.586
P006,2025-06-05T18:00,0.764
P006,2025-06-05T19:00,0.602
P006,2025-06-05T20:00,0.43
P006,2025-06-05T21:00,0.268
P007,2025-06-05T08:00,0.33
P007,2025-06-05T09:00,0.565
P007,2025-06-05T10:00,0.714
P007,2025-06-05T11:00,0.567
P007,2025-06-05T12:00,0.307
P007,2025-06-05T13:00,0.215
P007,2025-06-05T14:00,0.162
P007,2025-06-05T15:00,0.267
P007,2025-06-05T16:00,0.461
P007,2025-06-05T17:00,0.612
P007,2025-06-05T18:00,0.753
P007,2025-06-05T19:00,0.659
P007,2025-06-05T20:00,0.452
P007,2025-06-05T21:00,0.239
P008,2025-06-05T08:00,0.305
P008,2025-06-05T09:00,0.554
P008,2025-06-05T10:00,0.74
P008,2025-06-05T11:00,0.61
P008,2025-06-05T12:00,0.356
P008,2025-06-05T13:00,0.182
P008,2025-06-05T14:00,0.227
P008,2025-06-05T15:00,0.265
P008,2025-06-05T16:00,0.446
P008,2025-06-05T17:00,0.653
P008,2025-06-05T18:00,0.725
P008,2025-06-05T19:00,0.67
P008,2025-06-05T20:00,0.427
P008,2025-06-05T21:00,0.279
P009,2025-06-05T08:00,0.352
P009,2025-06-05T09:00,0.62
P009,2025-06-05T10:00,0.743
P009,2025-06-05T11:00,0.549
P009,2025-06-05T12:00,0.297
P009,2025-06-05T13:00,0.208
P009,2025-06-05T14:00,0.18
P009,2025-06-05T15:00,0.243
P009,2025-06-05T16:00,0.376
P009,2025-06-05T17:00,0.628
P009,2025-06-05T18:00,0.711
P009,2025-06-05T19:00,0.623
P009,2025-06-05T20:00,0.376
P009,2025-06-05T21:00,0.299
P010,2025-06-05T08:00,0.298
P010,2025-06-05T09:00,0.62
P010,2025-06-05T10:00,0.766
P010,2025-06-05T11:00,0.595
P010,2025-06-05T12:00,0.341
P010,2025-06-05T13:00,0.21
P010,2025-06-05T14:00,0.206
P010,2025-06-05T15:00,0.295
P010,2025-06-05T16:00,0.46
P010,2025-06-05T17:00,0.622
P010,2025-06-05T18:00,0.761
P010,2025-06-05T19:00,0.643
P010,2025-06-05T20:00,0.403
P010,2025-06-05T21:00,0.263
P011,2025-06-05T08:00,0.305
P011,2025-06-05T09:00,0.54
P011,2025-06-05T10:00,0.69
P011,2025-06-05T11:00,0.624
P011,2025-06-05T12:00,0.324
P011,2025-06-05T13:00,0.236
P011,2025-06-05T14:00,0.201
P011,2025-06-05T15:00,0.233
P011,2025-06-05T16:00,0.395
P011,2025-06-05T17:00,0.621
P011,2025-06-05T18:00,0.724
P011,2025-06-05T19:00,0.63
P011,2025-06-05T20:00,0.387
P011,2025-06-05T21:00,0.253
P012,2025-06-05T08:00,0.318
P012,2025-06-05T09:00,0.575
P012,2025-06-05T10:00,0.714
P012,2025-06-05T11:00,0.594
P012,2025-06-05T12:00,0.369
P012,2025-06-05T13:00,0.229
P012,2025-06-05T14:00,0.157
P012,2025-06-05T15:00,0.225
P012,2025-06-05T16:00,0.439
P012,2025-06-05T17:00,0.606
P012,2025-06-05T18:00,0.752
P012,2025-06-05T19:00,0.643
P012,2025-06-05T20:00,0.461
P012,2025-06-05T21:00,0.303
P013,2025-06-05T08:00,0.323
P013,2025-06-05T09:00,0.592
P013,2025-06-05T10:00,0.694
P013,2025-06-05T11:00,0.569
P013,2025-06-05T12:00,0.387
P013,2025-06-05T13:00,0.234
P013,2025-06-05T14:00,0.189
P013,2025-06-05T15:00,0.275
P013,2025-06-05T16:00,0.464
P013,2025-06-05T17:00,0.608
P013,2025-06-05T18:00,0.718
P013,2025-06-05T19:00,0.657
P013,2025-06-05T20:00,0.452
P013,2025-06-05T21:00,0.283
P014,2025-06-05T08:00,0.373
P014,2025-06-05T09:00,0.608
P014,2025-06-05T10:00,0.749
P014,2025-06-05T11:00,0.587
P014,2025-06-05T12:00,0.355
P014,2025-06-05T13:00,0.207
P014,2025-06-05T14:00,0.186
P014,2025-06-05T15:00,0.252
P014,2025-06-05T16:00,0.389
P014,2025-06-05T17:00,0.599
P014,2025-06-05T18:00,0.775
P014,2025-06-05T19:00,0.626
P014,2025-06-05T20:00,0.393
P014,2025-06-05T21:00,0.229
P015,2025-06-05T08:00,0.298
P015,2025-06-05T09:00,0.618
P015,2025-06-05T10:00,0.69
P015,2025-06-05T11:00,0.611
P015,2025-06-05T12:00,0.374
P015,2025-06-05T13:00,0.253
P015,2025-06-05T14:00,0.154
P015,2025-06-05T15:00,0.249
P015,2025-06-05T16:00,0.447
P015,2025-06-05T17:00,0.59
P015,2025-06-05T18:00,0.718
P015,2025-06-05T19:00,0.594
P015,2025-06-05T20:00,0.454
P015,2025-06-05T21:00,0.293
P016,2025-06-05T08:00,0.371
P016,2025-06-05T09:00,0.55
P016,2025-06-05T10:00,0.724
P016,2025-06-05T11:00,0.575
P016,2025-06-05T12:00,0.358
P016,2025-06-05T13:00,0.188
P016,2025-06-05T14:00,0.195
P016,2025-06-05T15:00,0.244
P016,2025-06-05T16:00,0.446
P016,2025-06-05T17:00,0.622
P016,2025-06-05T18:00,0.733
P016,2025-06-05T19:00,0.608
P016,2025-06-05T20:00,0.452
P016,2025-06-05T21:00,0.263
P017,2025-06-05T08:00,0.374
P017,2025-06-05T09:00,0.571
P017,2025-06-05T10:00,0.775
P017,2025-06-05T11:00,0.632
P017,2025-06-05T12:00,0.336
P017,2025-06-05T13:00,0.192
P017,2025-06-05T14:00,0.188
P017,2025-06-05T15:00,0.268
P017,2025-06-05T16:00,0.467
P017,2025-06-05T17:00,0.659
P017,2025-06-05T18:00,0.76
P017,2025-06-05T19:00,0.591
P017,2025-06-05T20:00,0.396
P017,2025-06-05T21:00,0.28
P018,2025-06-05T08:00,0.377
P018,2025-06-05T09:00,0.589
P018,2025-06-05T10:00,0.69
P018,2025-06-05T11:00,0.619
P018,2025-06-05T12:00,0.375
P018,2025-06-05T13:00,0.193
P018,2025-06-05T14:00,0.226
P018,2025-06-05T15:00,0.243
P018,2025-06-05T16:00,0.461
P018,2025-06-05T17:00,0.592
P018,2025-06-05T18:00,0.724
P018,2025-06-05T19:00,0.672
P018,2025-06-05T20:00,0.393
P018,2025-06-05T21:00,0.261
P019,2025-06-05T08:00,0.325
P019,2025-06-05T09:00,0.537
P019,2025-06-05T10:00,0.685
P019,2025-06-05T11:00,0.584
P019,2025-06-05T12:00,0.314
P019,2025-06-05T13:00,0.264
P019,2025-06-05T14:00,0.188
P019,2025-06-05T15:00,0.218
P019,2025-06-05T16:00,0.464
P019,2025-06-05T17:00,0.661
P019,2025-06-05T18:00,0.745
P019,2025-06-05T19:00,0.656
P019,2025-06-05T20:00,0.384
P019,2025-06-05T21:00,0.244
P020,2025-06-05T08:00,0.373
P020,2025-06-05T09:00,0.604
P020,2025-06-05T10:00,0.694
P020,2025-06-05T11:00,0.604
P020,2025-06-05T12:00,0.335
P020,2025-06-05T13:00,0.165
P020,2025-06-05T14:00,0.158
P020,2025-06-05T15:00,0.241
P020,2025-06-05T16:00,0.454
P020,2025-06-05T17:00,0.632
P020,2025-06-05T18:00,0.753
P020,2025-06-05T19:00,0.63
P020,2025-06-05T20:00,0.382
P020,2025-06-05T21:00,0.244
P001,2025-06-06T08:00,0.32
P001,2025-06-06T09:00,0.539
P001,2025-06-06T10:00,0.722
P001,2025-06-06T11:00,0.613
P001,2025-06-06T12:00,0.336
P001,2025-06-06T13:00,0.175
P001,2025-06-06T14:00,0.241
P001,2025-06-06T15:00,0.275
P001,2025-06-06T16:00,0.372
P001,2025-06-06T17:00,0.629
P001,2025-06-06T18:00,0.704
P001,2025-06-06T19:00,0.592
P001,2025-06-06T20:00,0.414
P001,2025-06-06T21:00,0.277
P002,2025-06-06T08:00,0.314
P002,2025-06-06T09:00,0.576
P002,2025-06-06T10:00,0.746
P002,2025-06-06T11:00,0.543
P002,2025-06-06T12:00,0.387
P002,2025-06-06T13:00,0.171
P002,2025-06-06T14:00,0.203
P002,2025-06-06T15:00,0.266
P002,2025-06-06T16:00,0.47
P002,2025-06-06T17:00,0.633
P002,2025-06-06T18:00,0.719
P002,2025-06-06T19:00,0.624
P002,2025-06-06T20:00,0.434
P002,2025-06-06T21:00,0.314
P003,2025-06-06T08:00,0.315
P003,2025-06-06T09:00,0.536
P003,2025-06-06T10:00,0.759
P003,2025-06-06T11:00,0.568
P003,2025-06-06T12:00,0.363
P003,2025-06-06T13:00,0.227
P003,2025-06-06T14:00,0.227
P003,2025-06-06T15:00,0.289
P003,2025-06-06T16:00,0.404
P003,2025-06-06T17:00,0.582
P003,2025-06-06T18:00,0.735
P003,2025-06-06T19:00,0.659
P003,2025-06-06T20:00,0.388
P003,2025-06-06T21:00,0.294
P004,2025-06-06T08:00,0.336
P004,2025-06-06T09:00,0.603
P004,2025-06-06T10:00,0.743
P004,2025-06-06T11:00,0.615
P004,2025-06-06T12:00,0.296
P004,2025-06-06T13:00,0.242
P004,2025-06-06T14:00,0.196
P004,2025-06-06T15:00,0.245
P004,2025-06-06T16:00,0.375
P004,2025-06-06T17:00,0.597
P004,2025-06-06T18:00,0.684
P004,2025-06-06T19:00,0.671
P004,2025-06-06T20:00,0.422
P004,2025-06-06T21:00,0.315
P005,2025-06-06T08:00,0.344
P005,2025-06-06T09:00,0.559
P005,2025-06-06T10:00,0.755
P005,2025-06-06T11:00,0.553
P005,2025-06-06T12:00,0.326
P005,2025-06-06T13:00,0.242
P005,2025-06-06T14:00,0.237
P005,2025-06-06T15:00,0.249
P005,2025-06-06T16:00,0.383
P005,2025-06-06T17:00,0.614
P005,2025-06-06T18:00,0.769
P005,2025-06-06T19:00,0.652
P005,2025-06-06T20:00,0.46
P005,2025-06-06T21:00,0.254
P006,2025-06-06T08:00,0.387
P006,2025-06-06T09:00,0.584
P006,2025-06-06T10:00,0.73
P006,2025-06-06T11:00,0.626
P006,2025-06-06T12:00,0.342
P006,2025-06-06T13:00,0.244
P006,2025-06-06T14:00,0.223
P006,2025-06-06T15:00,0.224
P006,2025-06-06T16:00,0.431
P006,2025-06-06T17:00,0.66
P006,2025-06-06T18:00,0.735
P006,2025-06-06T19:00,0.609
P006,2025-06-06T20:00,0.379
P006,2025-06-06T21:00,0.282
P007,2025-06-06T08:00,0.321
P007,2025-06-06T09:00,0.594
P007,2025-06-06T10:00,0.723
P007,2025-06-06T11:00,0.603
P007,2025-06-06T12:00,0.325
P007,2025-06-06T13:00,0.168
P007,2025-06-06T14:00,0.237
P007,2025-06-06T15:00,0.251
P007,2025-06-06T16:00,0.47
P007,2025-06-06T17:00,0.605
P007,2025-06-06T18:00,0.778
P007,2025-06-06T19:00,0.672
P007,2025-06-06T20:00,0.378
P007,2025-06-06T21:00,0.279
P008,2025-06-06T08:00,0.326
P008,2025-06-06T09:00,0.614
P008,2025-06-06T10:00,0.748
P008,2025-06-06T11:00,0.629
P008,2025-06-06T12:00,0.304
P008,2025-06-06T13:00,0.225
P008,2025-06-06T14:00,0.228
P008,2025-06-06T15:00,0.219
P008,2025-06-06T16:00,0.377
P008,2025-06-06T17:00,0.655
P008,2025-06-06T18:00,0.717
P008,2025-06-06T19:00,0.616
P008,2025-06-06T20:00,0.427
P008,2025-06-06T21:00,0.276
P009,2025-06-06T08:00,0.358
P009,2025-06-06T09:00,0.629
P009,2025-06-06T10:00,0.717
P009,2025-06-06T11:00,0.61
P009,2025-06-06T12:00,0.347
P009,2025-06-06T13:00,0.217
P009,2025-06-06T14:00,0.19
P009,2025-06-06T15:00,0.281
P009,2025-06-06T16:00,0.396
P009,2025-06-06T17:00,0.589
P009,2025-06-06T18:00,0.754
P009,2025-06-06T19:00,0.627
P009,2025-06-06T20:00,0.409
P009,2025-06-06T21:00,0.272
P010,2025-06-06T08:00,0.316
P010,2025-06-06T09:00,0.56
P010,2025-06-06T10:00,0.725
P010,2025-06-06T11:00,0.634
P010,2025-06-06T12:00,0.319
P010,2025-06-06T13:00,0.256
P010,2025-06-06T14:00,0.199
P010,2025-06-06T15:00,0.228
P010,2025-06-06T16:00,0.456
P010,2025-06-06T17:00,0.623
P010,2025-06-06T18:00,0.77
P010,2025-06-06T19:00,0.622
P010,2025-06-06T20:00,0.379
P010,2025-06-06T21:00,0.284
P011,2025-06-06T08:00,0.375
P011,2025-06-06T09:00,0.566
P011,2025-06-06T10:00,0.715
P011,2025-06-06T11:00,0.54
P011,2025-06-06T12:00,0.344
P011,2025-06-06T13:00,0.253
P011,2025-06-06T14:00,0.235
P011,2025-06-06T15:00,0.287
P011,2025-06-06T16:00,0.463
P011,2025-06-06T17:00,0.641
P011,2025-06-06T18:00,0.759
P011,2025-06-06T19:00,0.628
P011,2025-06-06T20:00,0.383
P011,2025-06-06T21:00,0.236
P012,2025-06-06T08:00,0.304
P012,2025-06-06T09:00,0.613
P012,2025-06-06T10:00,0.683
P012,2025-06-06T11:00,0.589
P012,2025-06-06T12:00,0.327
P012,2025-06-06T13:00,0.245
P012,2025-06-06T14:00,0.205
P012,2025-06-06T15:00,0.277
P012,2025-06-06T16:00,0.379
P012,2025-06-06T17:00,0.608
P012,2025-06-06T18:00,0.78
P012,2025-06-06T19:00,0.649
P012,2025-06-06T20:00,0.423
P012,2025-06-06T21:00,0.293
P013,2025-06-06T08:00,0.372
P013,2025-06-06T09:00,0.541
P013,2025-06-06T10:00,0.777
P013,2025-06-06T11:00,0.598
P013,2025-06-06T12:00,0.335
P013,2025-06-06T13:00,0.232
P013,2025-06-06T14:00,0.185
P013,2025-06-06T15:00,0.303
P013,2025-06-06T16:00,0.449
P013,2025-06-06T17:00,0.641
P013,2025-06-06T18:00,0.698
P013,2025-06-06T19:00,0.674
P013,2025-06-06T20:00,0.414
P013,2025-06-06T21:00,0.307
P014,2025-06-06T08:00,0.296
P014,2025-06-06T09:00,0.546
P014,2025-06-06T10:00,0.695
P014,2025-06-06T11:00,0.55
P014,2025-06-06T12:00,0.322
P014,2025-06-06T13:00,0.235
P014,2025-06-06T14:00,0.185
P014,2025-06-06T15:00,0.31
P014,2025-06-06T16:00,0.46
P014,2025-06-06T17:00,0.662
P014,2025-06-06T18:00,0.705
P014,2025-06-06T19:00,0.641
P014,2025-06-06T20:00,0.426
P014,2025-06-06T21:00,0.228
P015,2025-06-06T08:00,0.32
P015,2025-06-06T09:00,0.587
P015,2025-06-06T10:00,0.73
P015,2025-06-06T11:00,0.551
P015,2025-06-06T12:00,0.384
P015,2025-06-06T13:00,0.18
P015,2025-06-06T14:00,0.216
P015,2025-06-06T15:00,0.288
P015,2025-06-06T16:00,0.431
P015,2025-06-06T17:00,0.662
P015,2025-06-06T18:00,0.736
P015,2025-06-06T19:00,0.66
P015,2025-06-06T20:00,0.374
P015,2025-06-06T21:00,0.22
P016,2025-06-06T08:00,0.354
P016,2025-06-06T09:00,0.592
P016,2025-06-06T10:00,0.745
P016,2025-06-06T11:00,0.611
P016,2025-06-06T12:00,0.332
P016,2025-06-06T13:00,0.228
P016,2025-06-06T14:00,0.2
P016,2025-06-06T15:00,0.278
P016,2025-06-06T16:00,0.4
P016,2025-06-06T17:00,0.673
P016,2025-06-06T18:00,0.728
P016,2025-06-06T19:00,0.658
P016,2025-06-06T20:00,0.439
P016,2025-06-06T21:00,0.245
P017,2025-06-06T08:00,0.297
P017,2025-06-06T09:00,0.54
P017,2025-06-06T10:00,0.724
P017,2025-06-06T11:00,0.582
P017,2025-06-06T12:00,0.31
P017,2025-06-06T13:00,0.225
P017,2025-06-06T14:00,0.181
P017,2025-06-06T15:00,0.287
P017,2025-06-06T16:00,0.444
P017,2025-06-06T17:00,0.663
P017,2025-06-06T18:00,0.778
P017,2025-06-06T19:00,0.59
P017,2025-06-06T20:00,0.408
P017,2025-06-06T21:00,0.272
P018,2025-06-06T08:00,0.322
P018,2025-06-06T09:00,0.581
P018,2025-06-06T10:00,0.707
P018,2025-06-06T11:00,0.559
P018,2025-06-06T12:00,0.3
P018,2025-06-06T13:00,0.193
P018,2025-06-06T14:00,0.189
P018,2025-06-06T15:00,0.277
P018,2025-06-06T16:00,0.396
P018,2025-06-06T17:00,0.664
P018,2025-06-06T18:00,0.696
P018,2025-06-06T19:00,0.61
P018,2025-06-06T20:00,0.428
P018,2025-06-06T21:00,0.247
P019,2025-06-06T08:00,0.366
P019,2025-06-06T09:00,0.584
P019,2025-06-06T10:00,0.731
P019,2025-06-06T11:00,0.584
P019,2025-06-06T12:00,0.321
P019,2025-06-06T13:00,0.167
P019,2025-06-06T14:00,0.245
P019,2025-06-06T15:00,0.266
P019,2025-06-06T16:00,0.467
P019,2025-06-06T17:00,0.599
P019,2025-06-06T18:00,0.715
P019,2025-06-06T19:00,0.582
P019,2025-06-06T20:00,0.42
P019,2025-06-06T21:00,0.304
P020,2025-06-06T08:00,0.355
P020,2025-06-06T09:00,0.581
P020,2025-06-06T10:00,0.734
P020,2025-06-06T11:00,0.619
P020,2025-06-06T12:00,0.333
P020,2025-06-06T13:00,0.252
P020,2025-06-06T14:00,0.223
P020,2025-06-06T15:00,0.292
P020,2025-06-06T16:00,0.407
P020,2025-06-06T17:00,0.617
P020,2025-06-06T18:00,0.737
P020,2025-06-06T19:00,0.597
P020,2025-06-06T20:00,0.426
P020,2025-06-06T21:00,0.223
P001,2025-06-07T08:00,0.46
P001,2025-06-07T09:00,0.73
P001,2025-06-07T10:00,0.828
P001,2025-06-07T11:00,0.753
P001,2025-06-07T12:00,0.478
P001,2025-06-07T13:00,0.296
P001,2025-06-07T14:00,0.368
P001,2025-06-07T15:00,0.375
P001,2025-06-07T16:00,0.57
P001,2025-06-07T17:00,0.731
P001,2025-06-07T18:00,0.894
P001,2025-06-07T19:00,0.773
P001,2025-06-07T20:00,0.511
P001,2025-06-07T21:00,0.387
P002,2025-06-07T08:00,0.46
P002,2025-06-07T09:00,0.658
P002,2025-06-07T10:00,0.814
P002,2025-06-07T11:00,0.687
P002,2025-06-07T12:00,0.457
P002,2025-06-07T13:00,0.33
P002,2025-06-07T14:00,0.331
P002,2025-06-07T15:00,0.387
P002,2025-06-07T16:00,0.523
P002,2025-06-07T17:00,0.759
P002,2025-06-07T18:00,0.816
P002,2025-06-07T19:00,0.796
P002,2025-06-07T20:00,0.565
P002,2025-06-07T21:00,0.366
P003,2025-06-07T08:00,0.444
P003,2025-06-07T09:00,0.737
P003,2025-06-07T10:00,0.853
P003,2025-06-07T11:00,0.725
P003,2025-06-07T12:00,0.44
P003,2025-06-07T13:00,0.366
P003,2025-06-07T14:00,0.307
P003,2025-06-07T15:00,0.403
P003,2025-06-07T16:00,0.589
P003,2025-06-07T17:00,0.756
P003,2025-06-07T18:00,0.88
P003,2025-06-07T19:00,0.77
P003,2025-06-07T20:00,0.559
P003,2025-06-07T21:00,0.338
P004,2025-06-07T08:00,0.457
P004,2025-06-07T09:00,0.751
P004,2025-06-07T10:00,0.878
P004,2025-06-07T11:00,0.732
P004,2025-06-07T12:00,0.468
P004,2025-06-07T13:00,0.356
P004,2025-06-07T14:00,0.329
P004,2025-06-07T15:00,0.353
P004,2025-06-07T16:00,0.554
P004,2025-06-07T17:00,0.759
P004,2025-06-07T18:00,0.884
P004,2025-06-07T19:00,0.712
P004,2025-06-07T20:00,0.559
P004,2025-06-07T21:00,0.339
P005,2025-06-07T08:00,0.505
P005,2025-06-07T09:00,0.665
P005,2025-06-07T10:00,0.802
P005,2025-06-07T11:00,0.685
P005,2025-06-07T12:00,0.425
P005,2025-06-07T13:00,0.353
P005,2025-06-07T14:00,0.311
P005,2025-06-07T15:00,0.413
P005,2025-06-07T16:00,0.583
P005,2025-06-07T17:00,0.785
P005,2025-06-07T18:00,0.874
P005,2025-06-07T19:00,0.704
P005,2025-06-07T20:00,0.504
P005,2025-06-07T21:00,0.356
P006,2025-06-07T08:00,0.443
P006,2025-06-07T09:00,0.72
P006,2025-06-07T10:00,0.853
P006,2025-06-07T11:00,0.685
P006,2025-06-07T12:00,0.427
P006,2025-06-07T13:00,0.375
P006,2025-06-07T14:00,0.304
P006,2025-06-07T15:00,0.371
P006,2025-06-07T16:00,0.568
P006,2025-06-07T17:00,0.769
P006,2025-06-07T18:00,0.864
P006,2025-06-07T19:00,0.767
P006,2025-06-07T20:00,0.552
P006,2025-06-07T21:00,0.355
P007,2025-06-07T08:00,0.435
P007,2025-06-07T09:00,0.71
P007,2025-06-07T10:00,0.822
P007,2025-06-07T11:00,0.751
P007,2025-06-07T12:00,0.44
P007,2025-06-07T13:00,0.313
P007,2025-06-07T14:00,0.291
P007,2025-06-07T15:00,0.406
P007,2025-06-07T16:00,0.522
P007,2025-06-07T17:00,0.732
P007,2025-06-07T18:00,0.893
P007,2025-06-07T19:00,0.777
P007,2025-06-07T20:00,0.518
P007,2025-06-07T21:00,0.348
P008,2025-06-07T08:00,0.478
P008,2025-06-07T09:00,0.692
P008,2025-06-07T10:00,0.898
P008,2025-06-07T11:00,0.736
P008,2025-06-07T12:00,0.505
P008,2025-06-07T13:00,0.365
P008,2025-06-07T14:00,0.299
P008,2025-06-07T15:00,0.364
P008,2025-06-07T16:00,0.562
P008,2025-06-07T17:00,0.732
P008,2025-06-07T18:00,0.844
P008,2025-06-07T19:00,0.723
P008,2025-06-07T20:00,0.539
P008,2025-06-07T21:00,0.356
P009,2025-06-07T08:00,0.464
P009,2025-06-07T09:00,0.747
P009,2025-06-07T10:00,0.87
P009,2025-06-07T11:00,0.668
P009,2025-06-07T12:00,0.472
P009,2025-06-07T13:00,0.343
P009,2025-06-07T14:00,0.294
P009,2025-06-07T15:00,0.403
P009,2025-06-07T16:00,0.544
P009,2025-06-07T17:00,0.761
P009,2025-06-07T18:00,0.805
P009,2025-06-07T19:00,0.739
P009,2025-06-07T20:00,0.562
P009,2025-06-07T21:00,0.346
P010,2025-06-07T08:00,0.487
P010,2025-06-07T09:00,0.654
P010,2025-06-07T10:00,0.855
P010,2025-06-07T11:00,0.747
P010,2025-06-07T12:00,0.451
P010,2025-06-07T13:00,0.378
P010,2025-06-07T14:00,0.358
P010,2025-06-07T15:00,0.383
P010,2025-06-07T16:00,0.511
P010,2025-06-07T17:00,0.794
P010,2025-06-07T18:00,0.832
P010,2025-06-07T19:00,0.762
P010,2025-06-07T20:00,0.581
P010,2025-06-07T21:00,0.345
P011,2025-06-07T08:00,0.467
P011,2025-06-07T09:00,0.707
P011,2025-06-07T10:00,0.872
P011,2025-06-07T11:00,0.748
P011,2025-06-07T12:00,0.501
P011,2025-06-07T13:00,0.302
P011,2025-06-07T14:00,0.358
P011,2025-06-07T15:00,0.353
P011,2025-06-07T16:00,0.583
P011,2025-06-07T17:00,0.797
P011,2025-06-07T18:00,0.84
P011,2025-06-07T19:00,0.747
P011,2025-06-07T20:00,0.584
P011,2025-06-07T21:00,0.432
P012,2025-06-07T08:00,0.503
P012,2025-06-07T09:00,0.742
P012,2025-06-07T10:00,0.801
P012,2025-06-07T11:00,0.711
P012,2025-06-07T12:00,0.421
P012,2025-06-07T13:00,0.382
P012,2025-06-07T14:00,0.299
P012,2025-06-07T15:00,0.435
P012,2025-06-07T16:00,0.545
P012,2025-06-07T17:00,0.747
P012,2025-06-07T18:00,0.894
P012,2025-06-07T19:00,0.782
P012,2025-06-07T20:00,0.537
P012,2025-06-07T21:00,0.355
P013,2025-06-07T08:00,0.421
P013,2025-06-07T09:00,0.67
P013,2025-06-07T10:00,0.846
P013,2025-06-07T11:00,0.68
P013,2025-06-07T12:00,0.429
P013,2025-06-07T13:00,0.358
P013,2025-06-07T14:00,0.349
P013,2025-06-07T15:00,0.392
P013,2025-06-07T16:00,0.566
P013,2025-06-07T17:00,0.715
P013,2025-06-07T18:00,0.886
P013,2025-06-07T19:00,0.787
P013,2025-06-07T20:00,0.573
P013,2025-06-07T21:00,0.387
P014,2025-06-07T08:00,0.419
P014,2025-06-07T09:00,0.721
P014,2025-06-07T10:00,0.818
P014,2025-06-07T11:00,0.668
P014,2025-06-07T12:00,0.442
P014,2025-06-07T13:00,0.309
P014,2025-06-07T14:00,0.296
P014,2025-06-07T15:00,0.359
P014,2025-06-07T16:00,0.566
P014,2025-06-07T17:00,0.793
P014,2025-06-07T18:00,0.83
P014,2025-06-07T19:00,0.77
P014,2025-06-07T20:00,0.492
P014,2025-06-07T21:00,0.401
P015,2025-06-07T08:00,0.479
P015,2025-06-07T09:00,0.66
P015,2025-06-07T10:00,0.812
P015,2025-06-07T11:00,0.685
P015,2025-06-07T12:00,0.451
P015,2025-06-07T13:00,0.334
P015,2025-06-07T14:00,0.36
P015,2025-06-07T15:00,0.406
P015,2025-06-07T16:00,0.522
P015,2025-06-07T17:00,0.709
P015,2025-06-07T18:00,0.892
P015,2025-06-07T19:00,0.727
P015,2025-06-07T20:00,0.552
P015,2025-06-07T21:00,0.358
P016,2025-06-07T08:00,0.423
P016,2025-06-07T09:00,0.669
P016,2025-06-07T10:00,0.875
P016,2025-06-07T11:00,0.715
P016,2025-06-07T12:00,0.452
P016,2025-06-07T13:00,0.339
P016,2025-06-07T14:00,0.317
P016,2025-06-07T15:00,0.389
P016,2025-06-07T16:00,0.557
P016,2025-06-07T17:00,0.719
P016,2025-06-07T18:00,0.825
P016,2025-06-07T19:00,0.773
P016,2025-06-07T20:00,0.578
P016,2025-06-07T21:00,0.344
P017,2025-06-07T08:00,0.455
P017,2025-06-07T09:00,0.724
P017,2025-06-07T10:00,0.808
P017,2025-06-07T11:00,0.71
P017,2025-06-07T12:00,0.416
P017,2025-06-07T13:00,0.339
P017,2025-06-07T14:00,0.321
P017,2025-06-07T15:00,0.393
P017,2025-06-07T16:00,0.506
P017,2025-06-07T17:00,0.73
P017,2025-06-07T18:00,0.852
P017,2025-06-07T19:00,0.709
P017,2025-06-07T20:00,0.511
P017,2025-06-07T21:00,0.394
P018,2025-06-07T08:00,0.419
P018,2025-06-07T09:00,0.705
P018,2025-06-07T10:00,0.881
P018,2025-06-07T11:00,0.699
P018,2025-06-07T12:00,0.461
P018,2025-06-07T13:00,0.33
P018,2025-06-07T14:00,0.276
P018,2025-06-07T15:00,0.382
P018,2025-06-07T16:00,0.571
P018,2025-06-07T17:00,0.77
P018,2025-06-07T18:00,0.84
P018,2025-06-07T19:00,0.779
P018,2025-06-07T20:00,0.565
P018,2025-06-07T21:00,0.393
P019,2025-06-07T08:00,0.415
P019,2025-06-07T09:00,0.688
P019,2025-06-07T10:00,0.806
P019,2025-06-07T11:00,0.753
P019,2025-06-07T12:00,0.503
P019,2025-06-07T13:00,0.291
P019,2025-06-07T14:00,0.364
P019,2025-06-07T15:00,0.339
P019,2025-06-07T16:00,0.532
P019,2025-06-07T17:00,0.774
P019,2025-06-07T18:00,0.877
P019,2025-06-07T19:00,0.795
P019,2025-06-07T20:00,0.555
P019,2025-06-07T21:00,0.378
P020,2025-06-07T08:00,0.509
P020,2025-06-07T09:00,0.692
P020,2025-06-07T10:00,0.887
P020,2025-06-07T11:00,0.745
P020,2025-06-07T12:00,0.448
P020,2025-06-07T13:00,0.352
P020,2025-06-07T14:00,0.336
P020,2025-06-07T15:00,0.39
P020,2025-06-07T16:00,0.556
P020,2025-06-07T17:00,0.732
P020,2025-06-07T18:00,0.818
P020,2025-06-07T19:00,0.751
P020,2025-06-07T20:00,0.544
P020,2025-06-07T21:00,0.408
P001,2025-06-08T08:00,0.432
P001,2025-06-08T09:00,0.654
P001,2025-06-08T10:00,0.802
P001,2025-06-08T11:00,0.684
P001,2025-06-08T12:00,0.477
P001,2025-06-08T13:00,0.339
P001,2025-06-08T14:00,0.323
P001,2025-06-08T15:00,0.418
P001,2025-06-08T16:00,0.515
P001,2025-06-08T17:00,0.732
P001,2025-06-08T18:00,0.828
P001,2025-06-08T19:00,0.791
P001,2025-06-08T20:00,0.563
P001,2025-06-08T21:00,0.347
P002,2025-06-08T08:00,0.491
P002,2025-06-08T09:00,0.696
P002,2025-06-08T10:00,0.877
P002,2025-06-08T11:00,0.742
P002,2025-06-08T12:00,0.412
P002,2025-06-08T13:00,0.305
P002,2025-06-08T14:00,0.28
P002,2025-06-08T15:00,0.339
P002,2025-06-08T16:00,0.55
P002,2025-06-08T17:00,0.768
P002,2025-06-08T18:00,0.805
P002,2025-06-08T19:00,0.771
P002,2025-06-08T20:00,0.531
P002,2025-06-08T21:00,0.359
P003,2025-06-08T08:00,0.432
P003,2025-06-08T09:00,0.74
P003,2025-06-08T10:00,0.806
P003,2025-06-08T11:00,0.704
P003,2025-06-08T12:00,0.439
P003,2025-06-08T13:00,0.366
P003,2025-06-08T14:00,0.343
P003,2025-06-08T15:00,0.368
P003,2025-06-08T16:00,0.55
P003,2025-06-08T17:00,0.765
P003,2025-06-08T18:00,0.832
P003,2025-06-08T19:00,0.728
P003,2025-06-08T20:00,0.505
P003,2025-06-08T21:00,0.402
P004,2025-06-08T08:00,0.432
P004,2025-06-08T09:00,0.684
P004,2025-06-08T10:00,0.806
P004,2025-06-08T11:00,0.749
P004,2025-06-08T12:00,0.498
P004,2025-06-08T13:00,0.375
P004,2025-06-08T14:00,0.333
P004,2025-06-08T15:00,0.378
P004,2025-06-08T16:00,0.54
P004,2025-06-08T17:00,0.795
P004,2025-06-08T18:00,0.894
P004,2025-06-08T19:00,0.764
P004,2025-06-08T20:00,0.569
P004,2025-06-08T21:00,0.368
P005,2025-06-08T08:00,0.452
P005,2025-06-08T09:00,0.669
P005,2025-06-08T10:00,0.838
P005,2025-06-08T11:00,0.729
P005,2025-06-08T12:00,0.457
P005,2025-06-08T13:00,0.369
P005,2025-06-08T14:00,0.3
P005,2025-06-08T15:00,0.406
P005,2025-06-08T16:00,0.571
P005,2025-06-08T17:00,0.789
P005,2025-06-08T18:00,0.856
P005,2025-06-08T19:00,0.794
P005,2025-06-08T20:00,0.546
P005,2025-06-08T21:00,0.349
P006,2025-06-08T08:00,0.434
P006,2025-06-08T09:00,0.674
P006,2025-06-08T10:00,0.865
P006,2025-06-08T11:00,0.746
P006,2025-06-08T12:00,0.495
P006,2025-06-08T13:00,0.293
P006,2025-06-08T14:00,0.343
P006,2025-06-08T15:00,0.355
P006,2025-06-08T16:00,0.518
P006,2025-06-08T17:00,0.765
P006,2025-06-08T18:00,0.86
P006,2025-06-08T19:00,0.785
P006,2025-06-08T20:00,0.509
P006,2025-06-08T21:00,0.412
P007,2025-06-08T08:00,0.482
P007,2025-06-08T09:00,0.71
P007,2025-06-08T10:00,0.848
P007,2025-06-08T11:00,0.741
P007,2025-06-08T12:00,0.443
P007,2025-06-08T13:00,0.38
P007,2025-06-08T14:00,0.272
P007,2025-06-08T15:00,0.429
P007,2025-06-08T16:00,0.587
P007,2025-06-08T17:00,0.709
P007,2025-06-08T18:00,0.9
P007,2025-06-08T19:00,0.745
P007,2025-06-08T20:00,0.515
P007,2025-06-08T21:00,0.396
P008,2025-06-08T08:00,0.43
P008,2025-06-08T09:00,0.745
P008,2025-06-08T10:00,0.855
P008,2025-06-08T11:00,0.731
P008,2025-06-08T12:00,0.448
P008,2025-06-08T13:00,0.338
P008,2025-06-08T14:00,0.306
P008,2025-06-08T15:00,0.362
P008,2025-06-08T16:00,0.542
P008,2025-06-08T17:00,0.747
P008,2025-06-08T18:00,0.81
P008,2025-06-08T19:00,0.795
P008,2025-06-08T20:00,0.538
P008,2025-06-08T21:00,0.42
P009,2025-06-08T08:00,0.501
P009,2025-06-08T09:00,0.691
P009,2025-06-08T10:00,0.841
P009,2025-06-08T11:00,0.71
P009,2025-06-08T12:00,0.432
P009,2025-06-08T13:00,0.299
P009,2025-06-08T14:00,0.296
P009,2025-06-08T15:00,0.429
P009,2025-06-08T16:00,0.549
P009,2025-06-08T17:00,0.739
P009,2025-06-08T18:00,0.815
P009,2025-06-08T19:00,0.73
P009,2025-06-08T20:00,0.529
P009,2025-06-08T21:00,0.419
P010,2025-06-08T08:00,0.46
P010,2025-06-08T09:00,0.719
P010,2025-06-08T10:00,0.868
P010,2025-06-08T11:00,0.68
P010,2025-06-08T12:00,0.492
P010,2025-06-08T13:00,0.381
P010,2025-06-08T14:00,0.334
P010,2025-06-08T15:00,0.385
P010,2025-06-08T16:00,0.508
P010,2025-06-08T17:00,0.777
P010,2025-06-08T18:00,0.817
P010,2025-06-08T19:00,0.769
P010,2025-06-08T20:00,0.54
P010,2025-06-08T21:00,0.427
P011,2025-06-08T08:00,0.464
P011,2025-06-08T09:00,0.718
P011,2025-06-08T10:00,0.806
P011,2025-06-08T11:00,0.657
P011,2025-06-08T12:00,0.495
P011,2025-06-08T13:00,0.379
P011,2025-06-08T14:00,0.337
P011,2025-06-08T15:00,0.412
P011,2025-06-08T16:00,0.532
P011,2025-06-08T17:00,0.782
P011,2025-06-08T18:00,0.823
P011,2025-06-08T19:00,0.768
P011,2025-06-08T20:00,0.492
P011,2025-06-08T21:00,0.386
P012,2025-06-08T08:00,0.447
P012,2025-06-08T09:00,0.716
P012,2025-06-08T10:00,0.867
P012,2025-06-08T11:00,0.716
P012,2025-06-08T12:00,0.458
P012,2025-06-08T13:00,0.333
P012,2025-06-08T14:00,0.271
P012,2025-06-08T15:00,0.391
P012,2025-06-08T16:00,0.492
P012,2025-06-08T17:00,0.75
P012,2025-06-08T18:00,0.827
P012,2025-06-08T19:00,0.795
P012,2025-06-08T20:00,0.492
P012,2025-06-08T21:00,0.417
P013,2025-06-08T08:00,0.477
P013,2025-06-08T09:00,0.735
P013,2025-06-08T10:00,0.891
P013,2025-06-08T11:00,0.665
P013,2025-06-08T12:00,0.42
P013,2025-06-08T13:00,0.299
P013,2025-06-08T14:00,0.289
P013,2025-06-08T15:00,0.388
P013,2025-06-08T16:00,0.572
P013,2025-06-08T17:00,0.724
P013,2025-06-08T18:00,0.84
P013,2025-06-08T19:00,0.735
P013,2025-06-08T20:00,0.531
P013,2025-06-08T21:00,0.392
P014,2025-06-08T08:00,0.509
P014,2025-06-08T09:00,0.677
P014,2025-06-08T10:00,0.868
P014,2025-06-08T11:00,0.739
P014,2025-06-08T12:00,0.475
P014,2025-06-08T13:00,0.37
P014,2025-06-08T14:00,0.346
P014,2025-06-08T15:00,0.345
P014,2025-06-08T16:00,0.529
P014,2025-06-08T17:00,0.753
P014,2025-06-08T18:00,0.806
P014,2025-06-08T19:00,0.698
P014,2025-06-08T20:00,0.508
P014,2025-06-08T21:00,0.386
P015,2025-06-08T08:00,0.453
P015,2025-06-08T09:00,0.732
P015,2025-06-08T10:00,0.857
P015,2025-06-08T11:00,0.74
P015,2025-06-08T12:00,0.42
P015,2025-06-08T13:00,0.337
P015,2025-06-08T14:00,0.274
P015,2025-06-08T15:00,0.357
P015,2025-06-08T16:00,0.577
P015,2025-06-08T17:00,0.786
P015,2025-06-08T18:00,0.848
P015,2025-06-08T19:00,0.702
P015,2025-06-08T20:00,0.498
P015,2025-06-08T21:00,0.428
P016,2025-06-08T08:00,0.5
P016,2025-06-08T09:00,0.71
P016,2025-06-08T10:00,0.803
P016,2025-06-08T11:00,0.747
P016,2025-06-08T12:00,0.441
P016,2025-06-08T13:00,0.38
P016,2025-06-08T14:00,0.329
P016,2025-06-08T15:00,0.411
P016,2025-06-08T16:00,0.562
P016,2025-06-08T17:00,0.737
P016,2025-06-08T18:00,0.808
P016,2025-06-08T19:00,0.714
P016,2025-06-08T20:00,0.515
P016,2025-06-08T21:00,0.419
P017,2025-06-08T08:00,0.449
P017,2025-06-08T09:00,0.744
P017,2025-06-08T10:00,0.833
P017,2025-06-08T11:00,0.73
P017,2025-06-08T12:00,0.424
P017,2025-06-08T13:00,0.383
P017,2025-06-08T14:00,0.343
P017,2025-06-08T15:00,0.386
P017,2025-06-08T16:00,0.588
P017,2025-06-08T17:00,0.703
P017,2025-06-08T18:00,0.844
P017,2025-06-08T19:00,0.781
P017,2025-06-08T20:00,0.525
P017,2025-06-08T21:00,0.413
P018,2025-06-08T08:00,0.506
P018,2025-06-08T09:00,0.694
P018,2025-06-08T10:00,0.877
P018,2025-06-08T11:00,0.657
P018,2025-06-08T12:00,0.437
P018,2025-06-08T13:00,0.383
P018,2025-06-08T14:00,0.319
P018,2025-06-08T15:00,0.371
P018,2025-06-08T16:00,0.585
P018,2025-06-08T17:00,0.741
P018,2025-06-08T18:00,0.868
P018,2025-06-08T19:00,0.763
P018,2025-06-08T20:00,0.499
P018,2025-06-08T21:00,0.398
P019,2025-06-08T08:00,0.49
P019,2025-06-08T09:00,0.725
P019,2025-06-08T10:00,0.808
P019,2025-06-08T11:00,0.669
P019,2025-06-08T12:00,0.481
P019,2025-06-08T13:00,0.348
P019,2025-06-08T14:00,0.344
P019,2025-06-08T15:00,0.367
P019,2025-06-08T16:00,0.501
P019,2025-06-08T17:00,0.698
P019,2025-06-08T18:00,0.831
P019,2025-06-08T19:00,0.733
P019,2025-06-08T20:00,0.518
P019,2025-06-08T21:00,0.349
P020,2025-06-08T08:00,0.429
P020,2025-06-08T09:00,0.699
P020,2025-06-08T10:00,0.855
P020,2025-06-08T11:00,0.695
P020,2025-06-08T12:00,0.413
P020,2025-06-08T13:00,0.32
P020,2025-06-08T14:00,0.279
P020,2025-06-08T15:00,0.395
P020,2025-06-08T16:00,0.523
P020,2025-06-08T17:00,0.736
P020,2025-06-08T18:00,0.829
P020,2025-06-08T19:00,0.736
P020,2025-06-08T20:00,0.499
P020,2025-06-08T21:00,0.426
P001,2025-06-09T08:00,0.381
P001,2025-06-09T09:00,0.632
P001,2025-06-09T10:00,0.737
P001,2025-06-09T11:00,0.551
P001,2025-06-09T12:00,0.328
P001,2025-06-09T13:00,0.178
P001,2025-06-09T14:00,0.18
P001,2025-06-09T15:00,0.265
P001,2025-06-09T16:00,0.377
P001,2025-06-09T17:00,0.621
P001,2025-06-09T18:00,0.722
P001,2025-06-09T19:00,0.626
P001,2025-06-09T20:00,0.378
P001,2025-06-09T21:00,0.241
P002,2025-06-09T08:00,0.315
P002,2025-06-09T09:00,0.596
P002,2025-06-09T10:00,0.739
P002,2025-06-09T11:00,0.553
P002,2025-06-09T12:00,0.301
P002,2025-06-09T13:00,0.195
P002,2025-06-09T14:00,0.245
P002,2025-06-09T15:00,0.249
P002,2025-06-09T16:00,0.433
P002,2025-06-09T17:00,0.658
P002,2025-06-09T18:00,0.713
P002,2025-06-09T19:00,0.611
P002,2025-06-09T20:00,0.452
P002,2025-06-09T21:00,0.302
P003,2025-06-09T08:00,0.387
P003,2025-06-09T09:00,0.548
P003,2025-06-09T10:00,0.712
P003,2025-06-09T11:00,0.629
P003,2025-06-09T12:00,0.31
P003,2025-06-09T13:00,0.196
P003,2025-06-09T14:00,0.247
P003,2025-06-09T15:00,0.313
P003,2025-06-09T16:00,0.4
P003,2025-06-09T17:00,0.647
P003,2025-06-09T18:00,0.729
P003,2025-06-09T19:00,0.635
P003,2025-06-09T20:00,0.395
P003,2025-06-09T21:00,0.253
P004,2025-06-09T08:00,0.372
P004,2025-06-09T09:00,0.573
P004,2025-06-09T10:00,0.691
P004,2025-06-09T11:00,0.59
P004,2025-06-09T12:00,0.349
P004,2025-06-09T13:00,0.219
P004,2025-06-09T14:00,0.218
P004,2025-06-09T15:00,0.271
P004,2025-06-09T16:00,0.466
P004,2025-06-09T17:00,0.623
P004,2025-06-09T18:00,0.751
P004,2025-06-09T19:00,0.621
P004,2025-06-09T20:00,0.4
P004,2025-06-09T21:00,0.285
P005,2025-06-09T08:00,0.372
P005,2025-06-09T09:00,0.614
P005,2025-06-09T10:00,0.721
P005,2025-06-09T11:00,0.584
P005,2025-06-09T12:00,0.353
P005,2025-06-09T13:00,0.188
P005,2025-06-09T14:00,0.216
P005,2025-06-09T15:00,0.287
P005,2025-06-09T16:00,0.45
P005,2025-06-09T17:00,0.585
P005,2025-06-09T18:00,0.779
P005,2025-06-09T19:00,0.625
P005,2025-06-09T20:00,0.411
P005,2025-06-09T21:00,0.266
P006,2025-06-09T08:00,0.382
P006,2025-06-09T09:00,0.603
P006,2025-06-09T10:00,0.734
P006,2025-06-09T11:00,0.613
P006,2025-06-09T12:00,0.326
P006,2025-06-09T13:00,0.254
P006,2025-06-09T14:00,0.204
P006,2025-06-09T15:00,0.279
P006,2025-06-09T16:00,0.379
P006,2025-06-09T17:00,0.654
P006,2025-06-09T18:00,0.746
P006,2025-06-09T19:00,0.613
P006,2025-06-09T20:00,0.435
P006,2025-06-09T21:00,0.22
P007,2025-06-09T08:00,0.388
P007,2025-06-09T09:00,0.602
P007,2025-06-09T10:00,0.72
P007,2025-06-09T11:00,0.609
P007,2025-06-09T12:00,0.387
P007,2025-06-09T13:00,0.207
P007,2025-06-09T14:00,0.151
P007,2025-06-09T15:00,0.242
P007,2025-06-09T16:00,0.422
P007,2025-06-09T17:00,0.629
P007,2025-06-09T18:00,0.738
P007,2025-06-09T19:00,0.635
P007,2025-06-09T20:00,0.415
P007,2025-06-09T21:00,0.255
P008,2025-06-09T08:00,0.367
P008,2025-06-09T09:00,0.593
P008,2025-06-09T10:00,0.73
P008,2025-06-09T11:00,0.568
P008,2025-06-09T12:00,0.292
P008,2025-06-09T13:00,0.175
P008,2025-06-09T14:00,0.192
P008,2025-06-09T15:00,0.312
P008,2025-06-09T16:00,0.382
P008,2025-06-09T17:00,0.671
P008,2025-06-09T18:00,0.694
P008,2025-06-09T19:00,0.609
P008,2025-06-09T20:00,0.416
P008,2025-06-09T21:00,0.236
P009,2025-06-09T08:00,0.338
P009,2025-06-09T09:00,0.582
P009,2025-06-09T10:00,0.724
P009,2025-06-09T11:00,0.604
P009,2025-06-09T12:00,0.322
P009,2025-06-09T13:00,0.194
P009,2025-06-09T14:00,0.231
P009,2025-06-09T15:00,0.227
P009,2025-06-09T16:00,0.456
P009,2025-06-09T17:00,0.642
P009,2025-06-09T18:00,0.748
P009,2025-06-09T19:00,0.594
P009,2025-06-09T20:00,0.469
P009,2025-06-09T21:00,0.24
P010,2025-06-09T08:00,0.307
P010,2025-06-09T09:00,0.55
P010,2025-06-09T10:00,0.736
P010,2025-06-09T11:00,0.63
P010,2025-06-09T12:00,0.313
P010,2025-06-09T13:00,0.205
P010,2025-06-09T14:00,0.169
P010,2025-06-09T15:00,0.28
P010,2025-06-09T16:00,0.414
P010,2025-06-09T17:00,0.58
P010,2025-06-09T18:00,0.741
P010,2025-06-09T19:00,0.597
P010,2025-06-09T20:00,0.43
P010,2025-06-09T21:00,0.255
P011,2025-06-09T08:00,0.361
P011,2025-06-09T09:00,0.555
P011,2025-06-09T10:00,0.755
P011,2025-06-09T11:00,0.615
P011,2025-06-09T12:00,0.296
P011,2025-06-09T13:00,0.174
P011,2025-06-09T14:00,0.237
P011,2025-06-09T15:00,0.234
P011,2025-06-09T16:00,0.403
P011,2025-06-09T17:00,0.623
P011,2025-06-09T18:00,0.706
P011,2025-06-09T19:00,0.664
P011,2025-06-09T20:00,0.423
P011,2025-06-09T21:00,0.28
P012,2025-06-09T08:00,0.35
P012,2025-06-09T09:00,0.595
P012,2025-06-09T10:00,0.739
P012,2025-06-09T11:00,0.569
P012,2025-06-09T12:00,0.375
P012,2025-06-09T13:00,0.226
P012,2025-06-09T14:00,0.232
P012,2025-06-09T15:00,0.286
P012,2025-06-09T16:00,0.4
P012,2025-06-09T17:00,0.639
P012,2025-06-09T18:00,0.688
P012,2025-06-09T19:00,0.591
P012,2025-06-09T20:00,0.382
P012,2025-06-09T21:00,0.246
P013,2025-06-09T08:00,0.308
P013,2025-06-09T09:00,0.603
P013,2025-06-09T10:00,0.731
P013,2025-06-09T11:00,0.576
P013,2025-06-09T12:00,0.304
P013,2025-06-09T13:00,0.203
P013,2025-06-09T14:00,0.169
P013,2025-06-09T15:00,0.279
P013,2025-06-09T16:00,0.44
P013,2025-06-09T17:00,0.642
P013,2025-06-09T18:00,0.78
P013,2025-06-09T19:00,0.633
P013,2025-06-09T20:00,0.42
P013,2025-06-09T21:00,0.23
P014,2025-06-09T08:00,0.321
P014,2025-06-09T09:00,0.579
P014,2025-06-09T10:00,0.685
P014,2025-06-09T11:00,0.57
P014,2025-06-09T12:00,0.291
P014,2025-06-09T13:00,0.178
P014,2025-06-09T14:00,0.232
P014,2025-06-09T15:00,0.312
P014,2025-06-09T16:00,0.421
P014,2025-06-09T17:00,0.627
P014,2025-06-09T18:00,0.748
P014,2025-06-09T19:00,0.619
P014,2025-06-09T20:00,0.455
P014,2025-06-09T21:00,0.265
P015,2025-06-09T08:00,0.298
P015,2025-06-09T09:00,0.537
P015,2025-06-09T10:00,0.756
P015,2025-06-09T11:00,0.563
P015,2025-06-09T12:00,0.318
P015,2025-06-09T13:00,0.218
P015,2025-06-09T14:00,0.167
P015,2025-06-09T15:00,0.261
P015,2025-06-09T16:00,0.445
P015,2025-06-09T17:00,0.654
P015,2025-06-09T18:00,0.735
P015,2025-06-09T19:00,0.589
P015,2025-06-09T20:00,0.382
P015,2025-06-09T21:00,0.293
P016,2025-06-09T08:00,0.372
P016,2025-06-09T09:00,0.571
P016,2025-06-09T10:00,0.762
P016,2025-06-09T11:00,0.538
P016,2025-06-09T12:00,0.362
P016,2025-06-09T13:00,0.219
P016,2025-06-09T14:00,0.249
P016,2025-06-09T15:00,0.226
P016,2025-06-09T16:00,0.454
P016,2025-06-09T17:00,0.652
P016,2025-06-09T18:00,0.71
P016,2025-06-09T19:00,0.677
P016,2025-06-09T20:00,0.416
P016,2025-06-09T21:00,0.251
P017,2025-06-09T08:00,0.372
P017,2025-06-09T09:00,0.578
P017,2025-06-09T10:00,0.779
P017,2025-06-09T11:00,0.612
P017,2025-06-09T12:00,0.314
P017,2025-06-09T13:00,0.245
P017,2025-06-09T14:00,0.209
P017,2025-06-09T15:00,0.251
P017,2025-06-09T16:00,0.442
P017,2025-06-09T17:00,0.641
P017,2025-06-09T18:00,0.697
P017,2025-06-09T19:00,0.591
P017,2025-06-09T20:00,0.391
P017,2025-06-09T21:00,0.236
P018,2025-06-09T08:00,0.296
P018,2025-06-09T09:00,0.569
P018,2025-06-09T10:00,0.708
P018,2025-06-09T11:00,0.588
P018,2025-06-09T12:00,0.322
P018,2025-06-09T13:00,0.235
P018,2025-06-09T14:00,0.179
P018,2025-06-09T15:00,0.242
P018,2025-06-09T16:00,0.456
P018,2025-06-09T17:00,0.676
P018,2025-06-09T18:00,0.748
P018,2025-06-09T19:00,0.587
P018,2025-06-09T20:00,0.467
P018,2025-06-09T21:00,0.294
P019,2025-06-09T08:00,0.382
P019,2025-06-09T09:00,0.633
P019,2025-06-09T10:00,0.767
P019,2025-06-09T11:00,0.547
P019,2025-06-09T12:00,0.377
P019,2025-06-09T13:00,0.189
P019,2025-06-09T14:00,0.221
P019,2025-06-09T15:00,0.299
P019,2025-06-09T16:00,0.447
P019,2025-06-09T17:00,0.645
P019,2025-06-09T18:00,0.729
P019,2025-06-09T19:00,0.635
P019,2025-06-09T20:00,0.398
P019,2025-06-09T21:00,0.257
P020,2025-06-09T08:00,0.335
P020,2025-06-09T09:00,0.597
P020,2025-06-09T10:00,0.768
P020,2025-06-09T11:00,0.543
P020,2025-06-09T12:00,0.342
P020,2025-06-09T13:00,0.192
P020,2025-06-09T14:00,0.244
P020,2025-06-09T15:00,0.253
P020,2025-06-09T16:00,0.466
P020,2025-06-09T17:00,0.61
P020,2025-06-09T18:00,0.68
P020,2025-06-09T19:00,0.655
P020,2025-06-09T20:00,0.444
P020,2025-06-09T21:00,0.289
P001,2025-06-10T08:00,0.336
P001,2025-06-10T09:00,0.6
P001,2025-06-10T10:00,0.716
P001,2025-06-10T11:00,0.54
P001,2025-06-10T12:00,0.343
P001,2025-06-10T13:00,0.186
P001,2025-06-10T14:00,0.193
P001,2025-06-10T15:00,0.237
P001,2025-06-10T16:00,0.398
P001,2025-06-10T17:00,0.66
P001,2025-06-10T18:00,0.714
P001,2025-06-10T19:00,0.635
P001,2025-06-10T20:00,0.427
P001,2025-06-10T21:00,0.264
P002,2025-06-10T08:00,0.324
P002,2025-06-10T09:00,0.602
P002,2025-06-10T10:00,0.685
P002,2025-06-10T11:00,0.544
P002,2025-06-10T12:00,0.368
P002,2025-06-10T13:00,0.21
P002,2025-06-10T14:00,0.163
P002,2025-06-10T15:00,0.301
P002,2025-06-10T16:00,0.415
P002,2025-06-10T17:00,0.577
P002,2025-06-10T18:00,0.776
P002,2025-06-10T19:00,0.598
P002,2025-06-10T20:00,0.44
P002,2025-06-10T21:00,0.229
P003,2025-06-10T08:00,0.355
P003,2025-06-10T09:00,0.55
P003,2025-06-10T10:00,0.773
P003,2025-06-10T11:00,0.561
P003,2025-06-10T12:00,0.355
P003,2025-06-10T13:00,0.189
P003,2025-06-10T14:00,0.187
P003,2025-06-10T15:00,0.306
P003,2025-06-10T16:00,0.387
P003,2025-06-10T17:00,0.617
P003,2025-06-10T18:00,0.711
P003,2025-06-10T19:00,0.647
P003,2025-06-10T20:00,0.394
P003,2025-06-10T21:00,0.281
P004,2025-06-10T08:00,0.36
P004,2025-06-10T09:00,0.534
P004,2025-06-10T10:00,0.728
P004,2025-06-10T11:00,0.547
P004,2025-06-10T12:00,0.313
P004,2025-06-10T13:00,0.232
P004,2025-06-10T14:00,0.151
P004,2025-06-10T15:00,0.285
P004,2025-06-10T16:00,0.452
P004,2025-06-10T17:00,0.676
P004,2025-06-10T18:00,0.722
P004,2025-06-10T19:00,0.591
P004,2025-06-10T20:00,0.378
P004,2025-06-10T21:00,0.254
P005,2025-06-10T08:00,0.363
P005,2025-06-10T09:00,0.544
P005,2025-06-10T10:00,0.711
P005,2025-06-10T11:00,0.622
P005,2025-06-10T12:00,0.304
P005,2025-06-10T13:00,0.242
P005,2025-06-10T14:00,0.225
P005,2025-06-10T15:00,0.229
P005,2025-06-10T16:00,0.47
P005,2025-06-10T17:00,0.592
P005,2025-06-10T18:00,0.733
P005,2025-06-10T19:00,0.578
P005,2025-06-10T20:00,0.436
P005,2025-06-10T21:00,0.26
P006,2025-06-10T08:00,0.362
P006,2025-06-10T09:00,0.597
P006,2025-06-10T10:00,0.695
P006,2025-06-10T11:00,0.575
P006,2025-06-10T12:00,0.359
P006,2025-06-10T13:00,0.25
P006,2025-06-10T14:00,0.159
P006,2025-06-10T15:00,0.226
P006,2025-06-10T16:00,0.446
P006,2025-06-10T17:00,0.636
P006,2025-06-10T18:00,0.718
P006,2025-06-10T19:00,0.674
P006,2025-06-10T20:00,0.402
P006,2025-06-10T21:00,0.23
P007,2025-06-10T08:00,0.318
P007,2025-06-10T09:00,0.542
P007,2025-06-10T10:00,0.735
P007,2025-06-10T11:00,0.594
P007,2025-06-10T12:00,0.351
P007,2025-06-10T13:00,0.242
P007,2025-06-10T14:00,0.219
P007,2025-06-10T15:00,0.3
P007,2025-06-10T16:00,0.437
P007,2025-06-10T17:00,0.607
P007,2025-06-10T18:00,0.732
P007,2025-06-10T19:00,0.628
P007,2025-06-10T20:00,0.445
P007,2025-06-10T21:00,0.245
P008,2025-06-10T08:00,0.295
P008,2025-06-10T09:00,0.624
P008,2025-06-10T10:00,0.775
P008,2025-06-10T11:00,0.583
P008,2025-06-10T12:00,0.301
P008,2025-06-10T13:00,0.214
P008,2025-06-10T14:00,0.21
P008,2025-06-10T15:00,0.268
P008,2025-06-10T16:00,0.468
P008,2025-06-10T17:00,0.676
P008,2025-06-10T18:00,0.773
P008,2025-06-10T19:00,0.591
P008,2025-06-10T20:00,0.457
P008,2025-06-10T21:00,0.273
P009,2025-06-10T08:00,0.327
P009,2025-06-10T09:00,0.602
P009,2025-06-10T10:00,0.756
P009,2025-06-10T11:00,0.629
P009,2025-06-10T12:00,0.367
P009,2025-06-10T13:00,0.166
P009,2025-06-10T14:00,0.157
P009,2025-06-10T15:00,0.242
P009,2025-06-10T16:00,0.375
P009,2025-06-10T17:00,0.583
P009,2025-06-10T18:00,0.759
P009,2025-06-10T19:00,0.628
P009,2025-06-10T20:00,0.434
P009,2025-06-10T21:00,0.266
P010,2025-06-10T08:00,0.332
P010,2025-06-10T09:00,0.604
P010,2025-06-10T10:00,0.688
P010,2025-06-10T11:00,0.588
P010,2025-06-10T12:00,0.352
P010,2025-06-10T13:00,0.192
P010,2025-06-10T14:00,0.181
P010,2025-06-10T15:00,0.267
P010,2025-06-10T16:00,0.391
P010,2025-06-10T17:00,0.658
P010,2025-06-10T18:00,0.734
P010,2025-06-10T19:00,0.616
P010,2025-06-10T20:00,0.434
P010,2025-06-10T21:00,0.299
P011,2025-06-10T08:00,0.358
P011,2025-06-10T09:00,0.541
P011,2025-06-10T10:00,0.75
P011,2025-06-10T11:00,0.607
P011,2025-06-10T12:00,0.375
P011,2025-06-10T13:00,0.17
P011,2025-06-10T14:00,0.159
P011,2025-06-10T15:00,0.259
P011,2025-06-10T16:00,0.416
P011,2025-06-10T17:00,0.638
P011,2025-06-10T18:00,0.711
P011,2025-06-10T19:00,0.652
P011,2025-06-10T20:00,0.445
P011,2025-06-10T21:00,0.228
P012,2025-06-10T08:00,0.361
P012,2025-06-10T09:00,0.604
P012,2025-06-10T10:00,0.696
P012,2025-06-10T11:00,0.629
P012,2025-06-10T12:00,0.342
P012,2025-06-10T13:00,0.242
P012,2025-06-10T14:00,0.222
P012,2025-06-10T15:00,0.232
P012,2025-06-10T16:00,0.383
P012,2025-06-10T17:00,0.655
P012,2025-06-10T18:00,0.707
P012,2025-06-10T19:00,0.666
P012,2025-06-10T20:00,0.448
P012,2025-06-10T21:00,0.219
P013,2025-06-10T08:00,0.371
P013,2025-06-10T09:00,0.561
P013,2025-06-10T10:00,0.686
P013,2025-06-10T11:00,0.605
P013,2025-06-10T12:00,0.348
P013,2025-06-10T13:00,0.172
P013,2025-06-10T14:00,0.196
P013,2025-06-10T15:00,0.252
P013,2025-06-10T16:00,0.421
P013,2025-06-10T17:00,0.634
P013,2025-06-10T18:00,0.717
P013,2025-06-10T19:00,0.603
P013,2025-06-10T20:00,0.381
P013,2025-06-10T21:00,0.273
P014,2025-06-10T08:00,0.362
P014,2025-06-10T09:00,0.557
P014,2025-06-10T10:00,0.731
P014,2025-06-10T11:00,0.538
P014,2025-06-10T12:00,0.376
P014,2025-06-10T13:00,0.189
P014,2025-06-10T14:00,0.197
P014,2025-06-10T15:00,0.254
P014,2025-06-10T16:00,0.386
P014,2025-06-10T17:00,0.67
P014,2025-06-10T18:00,0.766
P014,2025-06-10T19:00,0.633
P014,2025-06-10T20:00,0.462
P014,2025-06-10T21:00,0.29
P015,2025-06-10T08:00,0.332
P015,2025-06-10T09:00,0.566
P015,2025-06-10T10:00,0.722
P015,2025-06-10T11:00,0.606
P015,2025-06-10T12:00,0.317
P015,2025-06-10T13:00,0.172
P015,2025-06-10T14:00,0.187
P015,2025-06-10T15:00,0.266
P015,2025-06-10T16:00,0.461
P015,2025-06-10T17:00,0.595
P015,2025-06-10T18:00,0.76
P015,2025-06-10T19:00,0.675
P015,2025-06-10T20:00,0.466
P015,2025-06-10T21:00,0.223
P016,2025-06-10T08:00,0.337
P016,2025-06-10T09:00,0.562
P016,2025-06-10T10:00,0.764
P016,2025-06-10T11:00,0.567
P016,2025-06-10T12:00,0.345
P016,2025-06-10T13:00,0.165
P016,2025-06-10T14:00,0.17
P016,2025-06-10T15:00,0.272
P016,2025-06-10T16:00,0.401
P016,2025-06-10T17:00,0.64
P016,2025-06-10T18:00,0.726
P016,2025-06-10T19:00,0.637
P016,2025-06-10T20:00,0.42
P016,2025-06-10T21:00,0.293
P017,2025-06-10T08:00,0.31
P017,2025-06-10T09:00,0.624
P017,2025-06-10T10:00,0.756
P017,2025-06-10T11:00,0.558
P017,2025-06-10T12:00,0.291
P017,2025-06-10T13:00,0.205
P017,2025-06-10T14:00,0.173
P017,2025-06-10T15:00,0.25
P017,2025-06-10T16:00,0.455
P017,2025-06-10T17:00,0.665
P017,2025-06-10T18:00,0.775
P017,2025-06-10T19:00,0.577
P017,2025-06-10T20:00,0.436
P017,2025-06-10T21:00,0.301
P018,2025-06-10T08:00,0.363
P018,2025-06-10T09:00,0.544
P018,2025-06-10T10:00,0.733
P018,2025-06-10T11:00,0.558
P018,2025-06-10T12:00,0.339
P018,2025-06-10T13:00,0.17
P018,2025-06-10T14:00,0.25
P018,2025-06-10T15:00,0.287
P018,2025-06-10T16:00,0.38
P018,2025-06-10T17:00,0.669
P018,2025-06-10T18:00,0.77
P018,2025-06-10T19:00,0.629
P018,2025-06-10T20:00,0.441
P018,2025-06-10T21:00,0.253
P019,2025-06-10T08:00,0.387
P019,2025-06-10T09:00,0.542
P019,2025-06-10T10:00,0.69
P019,2025-06-10T11:00,0.547
P019,2025-06-10T12:00,0.372
P019,2025-06-10T13:00,0.172
P019,2025-06-10T14:00,0.207
P019,2025-06-10T15:00,0.259
P019,2025-06-10T16:00,0.467
P019,2025-06-10T17:00,0.601
P019,2025-06-10T18:00,0.706
P019,2025-06-10T19:00,0.609
P019,2025-06-10T20:00,0.451
P019,2025-06-10T21:00,0.286
P020,2025-06-10T08:00,0.364
P020,2025-06-10T09:00,0.566
P020,2025-06-10T10:00,0.707
P020,2025-06-10T11:00,0.541
P020,2025-06-10T12:00,0.31
P020,2025-06-10T13:00,0.242
P020,2025-06-10T14:00,0.209
P020,2025-06-10T15:00,0.231
P020,2025-06-10T16:00,0.387
P020,2025-06-10T17:00,0.624
P020,2025-06-10T18:00,0.721
P020,2025-06-10T19:00,0.631
P020,2025-06-10T20:00,0.467
P020,2025-06-10T21:00,0.236
P001,2025-06-11T08:00,0.321
P001,2025-06-11T09:00,0.56
P001,2025-06-11T10:00,0.692
P001,2025-06-11T11:00,0.55
P001,2025-06-11T12:00,0.359
P001,2025-06-11T13:00,0.247
P001,2025-06-11T14:00,0.22
P001,2025-06-11T15:00,0.22
P001,2025-06-11T16:00,0.454
P001,2025-06-11T17:00,0.61
P001,2025-06-11T18:00,0.689
P001,2025-06-11T19:00,0.602
P001,2025-06-11T20:00,0.406
P001,2025-06-11T21:00,0.267
P002,2025-06-11T08:00,0.358
P002,2025-06-11T09:00,0.56
P002,2025-06-11T10:00,0.779
P002,2025-06-11T11:00,0.537
P002,2025-06-11T12:00,0.33
P002,2025-06-11T13:00,0.209
P002,2025-06-11T14:00,0.225
P002,2025-06-11T15:00,0.241
P002,2025-06-11T16:00,0.417
P002,2025-06-11T17:00,0.658
P002,2025-06-11T18:00,0.694
P002,2025-06-11T19:00,0.579
P002,2025-06-11T20:00,0.454
P002,2025-06-11T21:00,0.314
P003,2025-06-11T08:00,0.303
P003,2025-06-11T09:00,0.616
P003,2025-06-11T10:00,0.717
P003,2025-06-11T11:00,0.597
P003,2025-06-11T12:00,0.354
P003,2025-06-11T13:00,0.222
P003,2025-06-11T14:00,0.176
P003,2025-06-11T15:00,0.297
P003,2025-06-11T16:00,0.373
P003,2025-06-11T17:00,0.584
P003,2025-06-11T18:00,0.77
P003,2025-06-11T19:00,0.622
P003,2025-06-11T20:00,0.384
P003,2025-06-11T21:00,0.306
P004,2025-06-11T08:00,0.373
P004,2025-06-11T09:00,0.567
P004,2025-06-11T10:00,0.684
P004,2025-06-11T11:00,0.58
P004,2025-06-11T12:00,0.307
P004,2025-06-11T13:00,0.222
P004,2025-06-11T14:00,0.232
P004,2025-06-11T15:00,0.255
P004,2025-06-11T16:00,0.374
P004,2025-06-11T17:00,0.646
P004,2025-06-11T18:00,0.697
P004,2025-06-11T19:00,0.599
P004,2025-06-11T20:00,0.389
P004,2025-06-11T21:00,0.244
P005,2025-06-11T08:00,0.378
P005,2025-06-11T09:00,0.537
P005,2025-06-11T10:00,0.742
P005,2025-06-11T11:00,0.559
P005,2025-06-11T12:00,0.32
P005,2025-06-11T13:00,0.205
P005,2025-06-11T14:00,0.205
P005,2025-06-11T15:00,0.222
P005,2025-06-11T16:00,0.399
P005,2025-06-11T17:00,0.591
P005,2025-06-11T18:00,0.7
P005,2025-06-11T19:00,0.666
P005,2025-06-11T20:00,0.423
P005,2025-06-11T21:00,0.279
P006,2025-06-11T08:00,0.37
P006,2025-06-11T09:00,0.613
P006,2025-06-11T10:00,0.779
P006,2025-06-11T11:00,0.612
P006,2025-06-11T12:00,0.326
P006,2025-06-11T13:00,0.219
P006,2025-06-11T14:00,0.199
P006,2025-06-11T15:00,0.307
P006,2025-06-11T16:00,0.421
P006,2025-06-11T17:00,0.616
P006,2025-06-11T18:00,0.698
P006,2025-06-11T19:00,0.609
P006,2025-06-11T20:00,0.393
P006,2025-06-11T21:00,0.305
P007,2025-06-11T08:00,0.368
P007,2025-06-11T09:00,0.54
P007,2025-06-11T10:00,0.779
P007,2025-06-11T11:00,0.587
P007,2025-06-11T12:00,0.367
P007,2025-06-11T13:00,0.264
P007,2025-06-11T14:00,0.248
P007,2025-06-11T15:00,0.226
P007,2025-06-11T16:00,0.436
P007,2025-06-11T17:00,0.604
P007,2025-06-11T18:00,0.762
P007,2025-06-11T19:00,0.669
P007,2025-06-11T20:00,0.376
P007,2025-06-11T21:00,0.315
P008,2025-06-11T08:00,0.312
P008,2025-06-11T09:00,0.619
P008,2025-06-11T10:00,0.76
P008,2025-06-11T11:00,0.569
P008,2025-06-11T12:00,0.374
P008,2025-06-11T13:00,0.249
P008,2025-06-11T14:00,0.168
P008,2025-06-11T15:00,0.275
P008,2025-06-11T16:00,0.451
P008,2025-06-11T17:00,0.647
P008,2025-06-11T18:00,0.771
P008,2025-06-11T19:00,0.58
P008,2025-06-11T20:00,0.441
P008,2025-06-11T21:00,0.31
P009,2025-06-11T08:00,0.346
P009,2025-06-11T09:00,0.59
P009,2025-06-11T10:00,0.699
P009,2025-06-11T11:00,0.633
P009,2025-06-11T12:00,0.378
P009,2025-06-11T13:00,0.213
P009,2025-06-11T14:00,0.181
P009,2025-06-11T15:00,0.265
P009,2025-06-11T16:00,0.38
P009,2025-06-11T17:00,0.601
P009,2025-06-11T18:00,0.702
P009,2025-06-11T19:00,0.63
P009,2025-06-11T20:00,0.371
P009,2025-06-11T21:00,0.307
P010,2025-06-11T08:00,0.31
P010,2025-06-11T09:00,0.547
P010,2025-06-11T10:00,0.752
P010,2025-06-11T11:00,0.626
P010,2025-06-11T12:00,0.374
P010,2025-06-11T13:00,0.197
P010,2025-06-11T14:00,0.152
P010,2025-06-11T15:00,0.274
P010,2025-06-11T16:00,0.462
P010,2025-06-11T17:00,0.655
P010,2025-06-11T18:00,0.765
P010,2025-06-11T19:00,0.663
P010,2025-06-11T20:00,0.467
P010,2025-06-11T21:00,0.253
P011,2025-06-11T08:00,0.384
P011,2025-06-11T09:00,0.574
P011,2025-06-11T10:00,0.69
P011,2025-06-11T11:00,0.564
P011,2025-06-11T12:00,0.304
P011,2025-06-11T13:00,0.18
P011,2025-06-11T14:00,0.245
P011,2025-06-11T15:00,0.295
P011,2025-06-11T16:00,0.467
P011,2025-06-11T17:00,0.642
P011,2025-06-11T18:00,0.697
P011,2025-06-11T19:00,0.674
P011,2025-06-11T20:00,0.44
P011,2025-06-11T21:00,0.309
P012,2025-06-11T08:00,0.369
P012,2025-06-11T09:00,0.556
P012,2025-06-11T10:00,0.739
P012,2025-06-11T11:00,0.551
P012,2025-06-11T12:00,0.321
P012,2025-06-11T13:00,0.233
P012,2025-06-11T14:00,0.163
P012,2025-06-11T15:00,0.289
P012,2025-06-11T16:00,0.466
P012,2025-06-11T17:00,0.672
P012,2025-06-11T18:00,0.719
P012,2025-06-11T19:00,0.677
P012,2025-06-11T20:00,0.467
P012,2025-06-11T21:00,0.219
P013,2025-06-11T08:00,0.35
P013,2025-06-11T09:00,0.626
P013,2025-06-11T10:00,0.777
P013,2025-06-11T11:00,0.556
P013,2025-06-11T12:00,0.347
P013,2025-06-11T13:00,0.258
P013,2025-06-11T14:00,0.164
P013,2025-06-11T15:00,0.29
P013,2025-06-11T16:00,0.394
P013,2025-06-11T17:00,0.676
P013,2025-06-11T18:00,0.697
P013,2025-06-11T19:00,0.666
P013,2025-06-11T20:00,0.38
P013,2025-06-11T21:00,0.287
P014,2025-06-11T08:00,0.354
P014,2025-06-11T09:00,0.623
P014,2025-06-11T10:00,0.725
P014,2025-06-11T11:00,0.56
P014,2025-06-11T12:00,0.315
P014,2025-06-11T13:00,0.171
P014,2025-06-11T14:00,0.176
P014,2025-06-11T15:00,0.226
P014,2025-06-11T16:00,0.371
P014,2025-06-11T17:00,0.616
P014,2025-06-11T18:00,0.753
P014,2025-06-11T19:00,0.674
P014,2025-06-11T20:00,0.459
P014,2025-06-11T21:00,0.265
P015,2025-06-11T08:00,0.328
P015,2025-06-11T09:00,0.589
P015,2025-06-11T10:00,0.69
P015,2025-06-11T11:00,0.582
P015,2025-06-11T12:00,0.376
P015,2025-06-11T13:00,0.229
P015,2025-06-11T14:00,0.219
P015,2025-06-11T15:00,0.232
P015,2025-06-11T16:00,0.378
P015,2025-06-11T17:00,0.662
P015,2025-06-11T18:00,0.709
P015,2025-06-11T19:00,0.609
P015,2025-06-11T20:00,0.466
P015,2025-06-11T21:00,0.223
P016,2025-06-11T08:00,0.307
P016,2025-06-11T09:00,0.571
P016,2025-06-11T10:00,0.753
P016,2025-06-11T11:00,0.589
P016,2025-06-11T12:00,0.38
P016,2025-06-11T13:00,0.174
P016,2025-06-11T14:00,0.21
P016,2025-06-11T15:00,0.277
P016,2025-06-11T16:00,0.419
P016,2025-06-11T17:00,0.58
P016,2025-06-11T18:00,0.774
P016,2025-06-11T19:00,0.594
P016,2025-06-11T20:00,0.46
P016,2025-06-11T21:00,0.231
P017,2025-06-11T08:00,0.3
P017,2025-06-11T09:00,0.554
P017,2025-06-11T10:00,0.699
P017,2025-06-11T11:00,0.604
P017,2025-06-11T12:00,0.362
P017,2025-06-11T13:00,0.237
P017,2025-06-11T14:00,0.177
P017,2025-06-11T15:00,0.244
P017,2025-06-11T16:00,0.394
P017,2025-06-11T17:00,0.582
P017,2025-06-11T18:00,0.737
P017,2025-06-11T19:00,0.661
P017,2025-06-11T20:00,0.386
P017,2025-06-11T21:00,0.252
P018,2025-06-11T08:00,0.333
P018,2025-06-11T09:00,0.563
P018,2025-06-11T10:00,0.746
P018,2025-06-11T11:00,0.594
P018,2025-06-11T12:00,0.31
P018,2025-06-11T13:00,0.167
P018,2025-06-11T14:00,0.167
P018,2025-06-11T15:00,0.245
P018,2025-06-11T16:00,0.379
P018,2025-06-11T17:00,0.662
P018,2025-06-11T18:00,0.711
P018,2025-06-11T19:00,0.617
P018,2025-06-11T20:00,0.42
P018,2025-06-11T21:00,0.282
P019,2025-06-11T08:00,0.299
P019,2025-06-11T09:00,0.588
P019,2025-06-11T10:00,0.698
P019,2025-06-11T11:00,0.622
P019,2025-06-11T12:00,0.327
P019,2025-06-11T13:00,0.209
P019,2025-06-11T14:00,0.176
P019,2025-06-11T15:00,0.262
P019,2025-06-11T16:00,0.393
P019,2025-06-11T17:00,0.604
P019,2025-06-11T18:00,0.686
P019,2025-06-11T19:00,0.653
P019,2025-06-11T20:00,0.437
P019,2025-06-11T21:00,0.224
P020,2025-06-11T08:00,0.324
P020,2025-06-11T09:00,0.588
P020,2025-06-11T10:00,0.777
P020,2025-06-11T11:00,0.593
P020,2025-06-11T12:00,0.345
P020,2025-06-11T13:00,0.248
P020,2025-06-11T14:00,0.232
P020,2025-06-11T15:00,0.258
P020,2025-06-11T16:00,0.424
P020,2025-06-11T17:00,0.664
P020,2025-06-11T18:00,0.727
P020,2025-06-11T19:00,0.665
P020,2025-06-11T20:00,0.418
P020,2025-06-11T21:00,0.224
P001,2025-06-12T08:00,0.38
P001,2025-06-12T09:00,0.605
P001,2025-06-12T10:00,0.73
P001,2025-06-12T11:00,0.624
P001,2025-06-12T12:00,0.37
P001,2025-06-12T13:00,0.232
P001,2025-06-12T14:00,0.212
P001,2025-06-12T15:00,0.228
P001,2025-06-12T16:00,0.446
P001,2025-06-12T17:00,0.595
P001,2025-06-12T18:00,0.778
P001,2025-06-12T19:00,0.675
P001,2025-06-12T20:00,0.452
P001,2025-06-12T21:00,0.228
P002,2025-06-12T08:00,0.332
P002,2025-06-12T09:00,0.633
P002,2025-06-12T10:00,0.724
P002,2025-06-12T11:00,0.634
P002,2025-06-12T12:00,0.353
P002,2025-06-12T13:00,0.248
P002,2025-06-12T14:00,0.176
P002,2025-06-12T15:00,0.307
P002,2025-06-12T16:00,0.462
P002,2025-06-12T17:00,0.584
P002,2025-06-12T18:00,0.719
P002,2025-06-12T19:00,0.617
P002,2025-06-12T20:00,0.403
P002,2025-06-12T21:00,0.243
P003,2025-06-12T08:00,0.336
P003,2025-06-12T09:00,0.621
P003,2025-06-12T10:00,0.759
P003,2025-06-12T11:00,0.596
P003,2025-06-12T12:00,0.342
P003,2025-06-12T13:00,0.206
P003,2025-06-12T14:00,0.192
P003,2025-06-12T15:00,0.23
P003,2025-06-12T16:00,0.429
P003,2025-06-12T17:00,0.653
P003,2025-06-12T18:00,0.774
P003,2025-06-12T19:00,0.67
P003,2025-06-12T20:00,0.427
P003,2025-06-12T21:00,0.226
P004,2025-06-12T08:00,0.319
P004,2025-06-12T09:00,0.588
P004,2025-06-12T10:00,0.714
P004,2025-06-12T11:00,0.575
P004,2025-06-12T12:00,0.328
P004,2025-06-12T13:00,0.213
P004,2025-06-12T14:00,0.211
P004,2025-06-12T15:00,0.219
P004,2025-06-12T16:00,0.398
P004,2025-06-12T17:00,0.592
P004,2025-06-12T18:00,0.741
P004,2025-06-12T19:00,0.647
P004,2025-06-12T20:00,0.375
P004,2025-06-12T21:00,0.305
P005,2025-06-12T08:00,0.323
P005,2025-06-12T09:00,0.558
P005,2025-06-12T10:00,0.755
P005,2025-06-12T11:00,0.626
P005,2025-06-12T12:00,0.38
P005,2025-06-12T13:00,0.166
P005,2025-06-12T14:00,0.232
P005,2025-06-12T15:00,0.246
P005,2025-06-12T16:00,0.399
P005,2025-06-12T17:00,0.626
P005,2025-06-12T18:00,0.75
P005,2025-06-12T19:00,0.587
P005,2025-06-12T20:00,0.458
P005,2025-06-12T21:00,0.229
P006,2025-06-12T08:00,0.387
P006,2025-06-12T09:00,0.578
P006,2025-06-12T10:00,0.763
P006,2025-06-12T11:00,0.561
P006,2025-06-12T12:00,0.332
P006,2025-06-12T13:00,0.229
P006,2025-06-12T14:00,0.169
P006,2025-06-12T15:00,0.237
P006,2025-06-12T16:00,0.453
P006,2025-06-12T17:00,0.651
P006,2025-06-12T18:00,0.756
P006,2025-06-12T19:00,0.664
P006,2025-06-12T20:00,0.453
P006,2025-06-12T21:00,0.267
P007,2025-06-12T08:00,0.306
P007,2025-06-12T09:00,0.565
P007,2025-06-12T10:00,0.731
P007,2025-06-12T11:00,0.548
P007,2025-06-12T12:00,0.375
P007,2025-06-12T13:00,0.252
P007,2025-06-12T14:00,0.153
P007,2025-06-12T15:00,0.235
P007,2025-06-12T16:00,0.454
P007,2025-06-12T17:00,0.661
P007,2025-06-12T18:00,0.705
P007,2025-06-12T19:00,0.623
P007,2025-06-12T20:00,0.462
P007,2025-06-12T21:00,0.286
P008,2025-06-12T08:00,0.317
P008,2025-06-12T09:00,0.616
P008,2025-06-12T10:00,0.731
P008,2025-06-12T11:00,0.597
P008,2025-06-12T12:00,0.302
P008,2025-06-12T13:00,0.167
P008,2025-06-12T14:00,0.187
P008,2025-06-12T15:00,0.275
P008,2025-06-12T16:00,0.388
P008,2025-06-12T17:00,0.664
P008,2025-06-12T18:00,0.739
P008,2025-06-12T19:00,0.612
P008,2025-06-12T20:00,0.387
P008,2025-06-12T21:00,0.305
P009,2025-06-12T08:00,0.365
P009,2025-06-12T09:00,0.603
P009,2025-06-12T10:00,0.709
P009,2025-06-12T11:00,0.573
P009,2025-06-12T12:00,0.306
P009,2025-06-12T13:00,0.221
P009,2025-06-12T14:00,0.247
P009,2025-06-12T15:00,0.301
P009,2025-06-12T16:00,0.435
P009,2025-06-12T17:00,0.645
P009,2025-06-12T18:00,0.707
P009,2025-06-12T19:00,0.618
P009,2025-06-12T20:00,0.373
P009,2025-06-12T21:00,0.294
P010,2025-06-12T08:00,0.367
P010,2025-06-12T09:00,0.535
P010,2025-06-12T10:00,0.771
P010,2025-06-12T11:00,0.599
P010,2025-06-12T12:00,0.35
P010,2025-06-12T13:00,0.165
P010,2025-06-12T14:00,0.175
P010,2025-06-12T15:00,0.296
P010,2025-06-12T16:00,0.401
P010,2025-06-12T17:00,0.674
P010,2025-06-12T18:00,0.744
P010,2025-06-12T19:00,0.62
P010,2025-06-12T20:00,0.408
P010,2025-06-12T21:00,0.251
P011,2025-06-12T08:00,0.315
P011,2025-06-12T09:00,0.581
P011,2025-06-12T10:00,0.748
P011,2025-06-12T11:00,0.616
P011,2025-06-12T12:00,0.33
P011,2025-06-12T13:00,0.174
P011,2025-06-12T14:00,0.201
P011,2025-06-12T15:00,0.282
P011,2025-06-12T16:00,0.455
P011,2025-06-12T17:00,0.615
P011,2025-06-12T18:00,0.745
P011,2025-06-12T19:00,0.638
P011,2025-06-12T20:00,0.401
P011,2025-06-12T21:00,0.226
P012,2025-06-12T08:00,0.296
P012,2025-06-12T09:00,0.633
P012,2025-06-12T10:00,0.744
P012,2025-06-12T11:00,0.62
P012,2025-06-12T12:00,0.316
P012,2025-06-12T13:00,0.235
P012,2025-06-12T14:00,0.239
P012,2025-06-12T15:00,0.246
P012,2025-06-12T16:00,0.386
P012,2025-06-12T17:00,0.654
P012,2025-06-12T18:00,0.77
P012,2025-06-12T19:00,0.658
P012,2025-06-12T20:00,0.451
P012,2025-06-12T21:00,0.276
P013,2025-06-12T08:00,0.356
P013,2025-06-12T09:00,0.602
P013,2025-06-12T10:00,0.752
P013,2025-06-12T11:00,0.599
P013,2025-06-12T12:00,0.39
P013,2025-06-12T13:00,0.19
P013,2025-06-12T14:00,0.192
P013,2025-06-12T15:00,0.254
P013,2025-06-12T16:00,0.374
P013,2025-06-12T17:00,0.648
P013,2025-06-12T18:00,0.737
P013,2025-06-12T19:00,0.596
P013,2025-06-12T20:00,0.443
P013,2025-06-12T21:00,0.238
P014,2025-06-12T08:00,0.343
P014,2025-06-12T09:00,0.612
P014,2025-06-12T10:00,0.771
P014,2025-06-12T11:00,0.601
P014,2025-06-12T12:00,0.341
P014,2025-06-12T13:00,0.249
P014,2025-06-12T14:00,0.234
P014,2025-06-12T15:00,0.303
P014,2025-06-12T16:00,0.389
P014,2025-06-12T17:00,0.587
P014,2025-06-12T18:00,0.693
P014,2025-06-12T19:00,0.603
P014,2025-06-12T20:00,0.452
P014,2025-06-12T21:00,0.292
P015,2025-06-12T08:00,0.308
P015,2025-06-12T09:00,0.602
P015,2025-06-12T10:00,0.714
P015,2025-06-12T11:00,0.543
P015,2025-06-12T12:00,0.326
P015,2025-06-12T13:00,0.239
P015,2025-06-12T14:00,0.181
P015,2025-06-12T15:00,0.294
P015,2025-06-12T16:00,0.404
P015,2025-06-12T17:00,0.603
P015,2025-06-12T18:00,0.709
P015,2025-06-12T19:00,0.662
P015,2025-06-12T20:00,0.418
P015,2025-06-12T21:00,0.302
P016,2025-06-12T08:00,0.348
P016,2025-06-12T09:00,0.628
P016,2025-06-12T10:00,0.687
P016,2025-06-12T11:00,0.623
P016,2025-06-12T12:00,0.34
P016,2025-06-12T13:00,0.251
P016,2025-06-12T14:00,0.188
P016,2025-06-12T15:00,0.245
P016,2025-06-12T16:00,0.376
P016,2025-06-12T17:00,0.663
P016,2025-06-12T18:00,0.694
P016,2025-06-12T19:00,0.597
P016,2025-06-12T20:00,0.412
P016,2025-06-12T21:00,0.273
P017,2025-06-12T08:00,0.381
P017,2025-06-12T09:00,0.58
P017,2025-06-12T10:00,0.712
P017,2025-06-12T11:00,0.606
P017,2025-06-12T12:00,0.368
P017,2025-06-12T13:00,0.213
P017,2025-06-12T14:00,0.213
P017,2025-06-12T15:00,0.233
P017,2025-06-12T16:00,0.434
P017,2025-06-12T17:00,0.578
P017,2025-06-12T18:00,0.707
P017,2025-06-12T19:00,0.653
P017,2025-06-12T20:00,0.388
P017,2025-06-12T21:00,0.292
P018,2025-06-12T08:00,0.339
P018,2025-06-12T09:00,0.61
P018,2025-06-12T10:00,0.689
P018,2025-06-12T11:00,0.595
P018,2025-06-12T12:00,0.353
P018,2025-06-12T13:00,0.205
P018,2025-06-12T14:00,0.247
P018,2025-06-12T15:00,0.254
P018,2025-06-12T16:00,0.374
P018,2025-06-12T17:00,0.597
P018,2025-06-12T18:00,0.717
P018,2025-06-12T19:00,0.579
P018,2025-06-12T20:00,0.403
P018,2025-06-12T21:00,0.299
P019,2025-06-12T08:00,0.309
P019,2025-06-12T09:00,0.602
P019,2025-06-12T10:00,0.743
P019,2025-06-12T11:00,0.559
P019,2025-06-12T12:00,0.359
P019,2025-06-12T13:00,0.199
P019,2025-06-12T14:00,0.163
P019,2025-06-12T15:00,0.254
P019,2025-06-12T16:00,0.43
P019,2025-06-12T17:00,0.594
P019,2025-06-12T18:00,0.762
P019,2025-06-12T19:00,0.607
P019,2025-06-12T20:00,0.4
P019,2025-06-12T21:00,0.288
P020,2025-06-12T08:00,0.35
P020,2025-06-12T09:00,0.568
P020,2025-06-12T10:00,0.769
P020,2025-06-12T11:00,0.633
P020,2025-06-12T12:00,0.324
P020,2025-06-12T13:00,0.254
P020,2025-06-12T14:00,0.186
P020,2025-06-12T15:00,0.235
P020,2025-06-12T16:00,0.465
P020,2025-06-12T17:00,0.669
P020,2025-06-12T18:00,0.72
P020,2025-06-12T19:00,0.6
P020,2025-06-12T20:00,0.443
P020,2025-06-12T21:00,0.229
P001,2025-06-13T08:00,0.363
P001,2025-06-13T09:00,0.593
P001,2025-06-13T10:00,0.697
P001,2025-06-13T11:00,0.571
P001,2025-06-13T12:00,0.355
P001,2025-06-13T13:00,0.168
P001,2025-06-13T14:00,0.238
P001,2025-06-13T15:00,0.241
P001,2025-06-13T16:00,0.424
P001,2025-06-13T17:00,0.582
P001,2025-06-13T18:00,0.779
P001,2025-06-13T19:00,0.644
P001,2025-06-13T20:00,0.436
P001,2025-06-13T21:00,0.218
P002,2025-06-13T08:00,0.359
P002,2025-06-13T09:00,0.576
P002,2025-06-13T10:00,0.718
P002,2025-06-13T11:00,0.589
P002,2025-06-13T12:00,0.337
P002,2025-06-13T13:00,0.18
P002,2025-06-13T14:00,0.22
P002,2025-06-13T15:00,0.279
P002,2025-06-13T16:00,0.401
P002,2025-06-13T17:00,0.644
P002,2025-06-13T18:00,0.746
P002,2025-06-13T19:00,0.604
P002,2025-06-13T20:00,0.431
P002,2025-06-13T21:00,0.229
P003,2025-06-13T08:00,0.373
P003,2025-06-13T09:00,0.544
P003,2025-06-13T10:00,0.752
P003,2025-06-13T11:00,0.546
P003,2025-06-13T12:00,0.301
P003,2025-06-13T13:00,0.175
P003,2025-06-13T14:00,0.17
P003,2025-06-13T15:00,0.236
P003,2025-06-13T16:00,0.397
P003,2025-06-13T17:00,0.63
P003,2025-06-13T18:00,0.7
P003,2025-06-13T19:00,0.648
P003,2025-06-13T20:00,0.4
P003,2025-06-13T21:00,0.22
P004,2025-06-13T08:00,0.34
P004,2025-06-13T09:00,0.555
P004,2025-06-13T10:00,0.773
P004,2025-06-13T11:00,0.567
P004,2025-06-13T12:00,0.29
P004,2025-06-13T13:00,0.231
P004,2025-06-13T14:00,0.241
P004,2025-06-13T15:00,0.299
P004,2025-06-13T16:00,0.438
P004,2025-06-13T17:00,0.592
P004,2025-06-13T18:00,0.689
P004,2025-06-13T19:00,0.629
P004,2025-06-13T20:00,0.443
P004,2025-06-13T21:00,0.226
P005,2025-06-13T08:00,0.316
P005,2025-06-13T09:00,0.557
P005,2025-06-13T10:00,0.779
P005,2025-06-13T11:00,0.564
P005,2025-06-13T12:00,0.336
P005,2025-06-13T13:00,0.174
P005,2025-06-13T14:00,0.168
P005,2025-06-13T15:00,0.22
P005,2025-06-13T16:00,0.4
P005,2025-06-13T17:00,0.657
P005,2025-06-13T18:00,0.711
P005,2025-06-13T19:00,0.651
P005,2025-06-13T20:00,0.38
P005,2025-06-13T21:00,0.291
P006,2025-06-13T08:00,0.295
P006,2025-06-13T09:00,0.619
P006,2025-06-13T10:00,0.746
P006,2025-06-13T11:00,0.551
P006,2025-06-13T12:00,0.326
P006,2025-06-13T13:00,0.208
P006,2025-06-13T14:00,0.212
P006,2025-06-13T15:00,0.304
P006,2025-06-13T16:00,0.38
P006,2025-06-13T17:00,0.659
P006,2025-06-13T18:00,0.698
P006,2025-06-13T19:00,0.617
P006,2025-06-13T20:00,0.467
P006,2025-06-13T21:00,0.243
P007,2025-06-13T08:00,0.329
P007,2025-06-13T09:00,0.619
P007,2025-06-13T10:00,0.76
P007,2025-06-13T11:00,0.599
P007,2025-06-13T12:00,0.37
P007,2025-06-13T13:00,0.176
P007,2025-06-13T14:00,0.22
P007,2025-06-13T15:00,0.222
P007,2025-06-13T16:00,0.465
P007,2025-06-13T17:00,0.593
P007,2025-06-13T18:00,0.722
P007,2025-06-13T19:00,0.636
P007,2025-06-13T20:00,0.451
P007,2025-06-13T21:00,0.284
P008,2025-06-13T08:00,0.308
P008,2025-06-13T09:00,0.572
P008,2025-06-13T10:00,0.716
P008,2025-06-13T11:00,0.537
P008,2025-06-13T12:00,0.358
P008,2025-06-13T13:00,0.248
P008,2025-06-13T14:00,0.248
P008,2025-06-13T15:00,0.229
P008,2025-06-13T16:00,0.463
P008,2025-06-13T17:00,0.589
P008,2025-06-13T18:00,0.721
P008,2025-06-13T19:00,0.582
P008,2025-06-13T20:00,0.397
P008,2025-06-13T21:00,0.247
P009,2025-06-13T08:00,0.36
P009,2025-06-13T09:00,0.602
P009,2025-06-13T10:00,0.757
P009,2025-06-13T11:00,0.592
P009,2025-06-13T12:00,0.347
P009,2025-06-13T13:00,0.262
P009,2025-06-13T14:00,0.217
P009,2025-06-13T15:00,0.249
P009,2025-06-13T16:00,0.423
P009,2025-06-13T17:00,0.647
P009,2025-06-13T18:00,0.69
P009,2025-06-13T19:00,0.644
P009,2025-06-13T20:00,0.396
P009,2025-06-13T21:00,0.25
P010,2025-06-13T08:00,0.358
P010,2025-06-13T09:00,0.572
P010,2025-06-13T10:00,0.764
P010,2025-06-13T11:00,0.59
P010,2025-06-13T12:00,0.389
P010,2025-06-13T13:00,0.17
P010,2025-06-13T14:00,0.215
P010,2025-06-13T15:00,0.231
P010,2025-06-13T16:00,0.456
P010,2025-06-13T17:00,0.663
P010,2025-06-13T18:00,0.767
P010,2025-06-13T19:00,0.585
P010,2025-06-13T20:00,0.42
P010,2025-06-13T21:00,0.24
P011,2025-06-13T08:00,0.387
P011,2025-06-13T09:00,0.539
P011,2025-06-13T10:00,0.702
P011,2025-06-13T11:00,0.598
P011,2025-06-13T12:00,0.33
P011,2025-06-13T13:00,0.188
P011,2025-06-13T14:00,0.196
P011,2025-06-13T15:00,0.296
P011,2025-06-13T16:00,0.415
P011,2025-06-13T17:00,0.663
P011,2025-06-13T18:00,0.725
P011,2025-06-13T19:00,0.589
P011,2025-06-13T20:00,0.42
P011,2025-06-13T21:00,0.281
P012,2025-06-13T08:00,0.3
P012,2025-06-13T09:00,0.575
P012,2025-06-13T10:00,0.736
P012,2025-06-13T11:00,0.534
P012,2025-06-13T12:00,0.299
P012,2025-06-13T13:00,0.225
P012,2025-06-13T14:00,0.212
P012,2025-06-13T15:00,0.246
P012,2025-06-13T16:00,0.422
P012,2025-06-13T17:00,0.598
P012,2025-06-13T18:00,0.747
P012,2025-06-13T19:00,0.672
P012,2025-06-13T20:00,0.407
P012,2025-06-13T21:00,0.221
P013,2025-06-13T08:00,0.312
P013,2025-06-13T09:00,0.579
P013,2025-06-13T10:00,0.736
P013,2025-06-13T11:00,0.596
P013,2025-06-13T12:00,0.337
P013,2025-06-13T13:00,0.23
P013,2025-06-13T14:00,0.222
P013,2025-06-13T15:00,0.227
P013,2025-06-13T16:00,0.447
P013,2025-06-13T17:00,0.6
P013,2025-06-13T18:00,0.714
P013,2025-06-13T19:00,0.66
P013,2025-06-13T20:00,0.467
P013,2025-06-13T21:00,0.245
P014,2025-06-13T08:00,0.342
P014,2025-06-13T09:00,0.604
P014,2025-06-13T10:00,0.685
P014,2025-06-13T11:00,0.55
P014,2025-06-13T12:00,0.304
P014,2025-06-13T13:00,0.236
P014,2025-06-13T14:00,0.222
P014,2025-06-13T15:00,0.226
P014,2025-06-13T16:00,0.432
P014,2025-06-13T17:00,0.596
P014,2025-06-13T18:00,0.773
P014,2025-06-13T19:00,0.617
P014,2025-06-13T20:00,0.416
P014,2025-06-13T21:00,0.294
P015,2025-06-13T08:00,0.362
P015,2025-06-13T09:00,0.545
P015,2025-06-13T10:00,0.721
P015,2025-06-13T11:00,0.627
P015,2025-06-13T12:00,0.374
P015,2025-06-13T13:00,0.223
P015,2025-06-13T14:00,0.227
P015,2025-06-13T15:00,0.261
P015,2025-06-13T16:00,0.437
P015,2025-06-13T17:00,0.673
P015,2025-06-13T18:00,0.693
P015,2025-06-13T19:00,0.627
P015,2025-06-13T20:00,0.424
P015,2025-06-13T21:00,0.221
P016,2025-06-13T08:00,0.384
P016,2025-06-13T09:00,0.618
P016,2025-06-13T10:00,0.728
P016,2025-06-13T11:00,0.585
P016,2025-06-13T12:00,0.382
P016,2025-06-13T13:00,0.182
P016,2025-06-13T14:00,0.208
P016,2025-06-13T15:00,0.289
P016,2025-06-13T16:00,0.384
P016,2025-06-13T17:00,0.616
P016,2025-06-13T18:00,0.74
P016,2025-06-13T19:00,0.666
P016,2025-06-13T20:00,0.421
P016,2025-06-13T21:00,0.254
P017,2025-06-13T08:00,0.388
P017,2025-06-13T09:00,0.626
P017,2025-06-13T10:00,0.756
P017,2025-06-13T11:00,0.561
P017,2025-06-13T12:00,0.386
P017,2025-06-13T13:00,0.261
P017,2025-06-13T14:00,0.195
P017,2025-06-13T15:00,0.229
P017,2025-06-13T16:00,0.412
P017,2025-06-13T17:00,0.647
P017,2025-06-13T18:00,0.755
P017,2025-06-13T19:00,0.607
P017,2025-06-13T20:00,0.441
P017,2025-06-13T21:00,0.302
P018,2025-06-13T08:00,0.361
P018,2025-06-13T09:00,0.627
P018,2025-06-13T10:00,0.743
P018,2025-06-13T11:00,0.554
P018,2025-06-13T12:00,0.352
P018,2025-06-13T13:00,0.193
P018,2025-06-13T14:00,0.185
P018,2025-06-13T15:00,0.283
P018,2025-06-13T16:00,0.469
P018,2025-06-13T17:00,0.642
P018,2025-06-13T18:00,0.776
P018,2025-06-13T19:00,0.628
P018,2025-06-13T20:00,0.44
P018,2025-06-13T21:00,0.248
P019,2025-06-13T08:00,0.302
P019,2025-06-13T09:00,0.569
P019,2025-06-13T10:00,0.728
P019,2025-06-13T11:00,0.591
P019,2025-06-13T12:00,0.357
P019,2025-06-13T13:00,0.206
P019,2025-06-13T14:00,0.225
P019,2025-06-13T15:00,0.3
P019,2025-06-13T16:00,0.399
P019,2025-06-13T17:00,0.662
P019,2025-06-13T18:00,0.761
P019,2025-06-13T19:00,0.63
P019,2025-06-13T20:00,0.373
P019,2025-06-13T21:00,0.23
P020,2025-06-13T08:00,0.357
P020,2025-06-13T09:00,0.554
P020,2025-06-13T10:00,0.755
P020,2025-06-13T11:00,0.55
P020,2025-06-13T12:00,0.319
P020,2025-06-13T13:00,0.189
P020,2025-06-13T14:00,0.234
P020,2025-06-13T15:00,0.285
P020,2025-06-13T16:00,0.4
P020,2025-06-13T17:00,0.653
P020,2025-06-13T18:00,0.683
P020,2025-06-13T19:00,0.659
P020,2025-06-13T20:00,0.381
P020,2025-06-13T21:00,0.302
P001,2025-06-14T08:00,0.484
P001,2025-06-14T09:00,0.74
P001,2025-06-14T10:00,0.874
P001,2025-06-14T11:00,0.71
P001,2025-06-14T12:00,0.434
P001,2025-06-14T13:00,0.363
P001,2025-06-14T14:00,0.35
P001,2025-06-14T15:00,0.364
P001,2025-06-14T16:00,0.557
P001,2025-06-14T17:00,0.79
P001,2025-06-14T18:00,0.839
P001,2025-06-14T19:00,0.793
P001,2025-06-14T20:00,0.588
P001,2025-06-14T21:00,0.367
P002,2025-06-14T08:00,0.465
P002,2025-06-14T09:00,0.655
P002,2025-06-14T10:00,0.825
P002,2025-06-14T11:00,0.716
P002,2025-06-14T12:00,0.488
P002,2025-06-14T13:00,0.371
P002,2025-06-14T14:00,0.353
P002,2025-06-14T15:00,0.427
P002,2025-06-14T16:00,0.561
P002,2025-06-14T17:00,0.762
P002,2025-06-14T18:00,0.876
P002,2025-06-14T19:00,0.752
P002,2025-06-14T20:00,0.551
P002,2025-06-14T21:00,0.413
P003,2025-06-14T08:00,0.506
P003,2025-06-14T09:00,0.683
P003,2025-06-14T10:00,0.818
P003,2025-06-14T11:00,0.722
P003,2025-06-14T12:00,0.429
P003,2025-06-14T13:00,0.302
P003,2025-06-14T14:00,0.322
P003,2025-06-14T15:00,0.373
P003,2025-06-14T16:00,0.534
P003,2025-06-14T17:00,0.753
P003,2025-06-14T18:00,0.813
P003,2025-06-14T19:00,0.756
P003,2025-06-14T20:00,0.516
P003,2025-06-14T21:00,0.369
P004,2025-06-14T08:00,0.481
P004,2025-06-14T09:00,0.669
P004,2025-06-14T10:00,0.815
P004,2025-06-14T11:00,0.686
P004,2025-06-14T12:00,0.415
P004,2025-06-14T13:00,0.377
P004,2025-06-14T14:00,0.332
P004,2025-06-14T15:00,0.402
P004,2025-06-14T16:00,0.54
P004,2025-06-14T17:00,0.755
P004,2025-06-14T18:00,0.836
P004,2025-06-14T19:00,0.776
P004,2025-06-14T20:00,0.522
P004,2025-06-14T21:00,0.358
P005,2025-06-14T08:00,0.428
P005,2025-06-14T09:00,0.661
P005,2025-06-14T10:00,0.851
P005,2025-06-14T11:00,0.696
P005,2025-06-14T12:00,0.464
P005,2025-06-14T13:00,0.293
P005,2025-06-14T14:00,0.292
P005,2025-06-14T15:00,0.357
P005,2025-06-14T16:00,0.524
P005,2025-06-14T17:00,0.733
P005,2025-06-14T18:00,0.822
P005,2025-06-14T19:00,0.773
P005,2025-06-14T20:00,0.544
P005,2025-06-14T21:00,0.435
P006,2025-06-14T08:00,0.492
P006,2025-06-14T09:00,0.752
P006,2025-06-14T10:00,0.801
P006,2025-06-14T11:00,0.721
P006,2025-06-14T12:00,0.455
P006,2025-06-14T13:00,0.375
P006,2025-06-14T14:00,0.332
P006,2025-06-14T15:00,0.398
P006,2025-06-14T16:00,0.587
P006,2025-06-14T17:00,0.766
P006,2025-06-14T18:00,0.832
P006,2025-06-14T19:00,0.789
P006,2025-06-14T20:00,0.585
P006,2025-06-14T21:00,0.374
P007,2025-06-14T08:00,0.464
P007,2025-06-14T09:00,0.682
P007,2025-06-14T10:00,0.891
P007,2025-06-14T11:00,0.736
P007,2025-06-14T12:00,0.448
P007,2025-06-14T13:00,0.364
P007,2025-06-14T14:00,0.315
P007,2025-06-14T15:00,0.34
P007,2025-06-14T16:00,0.581
P007,2025-06-14T17:00,0.717
P007,2025-06-14T18:00,0.851
P007,2025-06-14T19:00,0.792
P007,2025-06-14T20:00,0.507
P007,2025-06-14T21:00,0.431
P008,2025-06-14T08:00,0.464
P008,2025-06-14T09:00,0.655
P008,2025-06-14T10:00,0.807
P008,2025-06-14T11:00,0.721
P008,2025-06-14T12:00,0.487
P008,2025-06-14T13:00,0.371
P008,2025-06-14T14:00,0.313
P008,2025-06-14T15:00,0.346
P008,2025-06-14T16:00,0.544
P008,2025-06-14T17:00,0.768
P008,2025-06-14T18:00,0.898
P008,2025-06-14T19:00,0.775
P008,2025-06-14T20:00,0.555
P008,2025-06-14T21:00,0.43
P009,2025-06-14T08:00,0.485
P009,2025-06-14T09:00,0.669
P009,2025-06-14T10:00,0.846
P009,2025-06-14T11:00,0.687
P009,2025-06-14T12:00,0.419
P009,2025-06-14T13:00,0.29
P009,2025-06-14T14:00,0.35
P009,2025-06-14T15:00,0.391
P009,2025-06-14T16:00,0.548
P009,2025-06-14T17:00,0.72
P009,2025-06-14T18:00,0.826
P009,2025-06-14T19:00,0.736
P009,2025-06-14T20:00,0.554
P009,2025-06-14T21:00,0.379
P010,2025-06-14T08:00,0.412
P010,2025-06-14T09:00,0.721
P010,2025-06-14T10:00,0.853
P010,2025-06-14T11:00,0.718
P010,2025-06-14T12:00,0.472
P010,2025-06-14T13:00,0.36
P010,2025-06-14T14:00,0.329
P010,2025-06-14T15:00,0.406
P010,2025-06-14T16:00,0.498
P010,2025-06-14T17:00,0.79
P010,2025-06-14T18:00,0.811
P010,2025-06-14T19:00,0.776
P010,2025-06-14T20:00,0.521
P010,2025-06-14T21:00,0.344
P011,2025-06-14T08:00,0.487
P011,2025-06-14T09:00,0.698
P011,2025-06-14T10:00,0.84
P011,2025-06-14T11:00,0.72
P011,2025-06-14T12:00,0.457
P011,2025-06-14T13:00,0.338
P011,2025-06-14T14:00,0.284
P011,2025-06-14T15:00,0.375
P011,2025-06-14T16:00,0.57
P011,2025-06-14T17:00,0.752
P011,2025-06-14T18:00,0.896
P011,2025-06-14T19:00,0.712
P011,2025-06-14T20:00,0.558
P011,2025-06-14T21:00,0.427
P012,2025-06-14T08:00,0.49
P012,2025-06-14T09:00,0.727
P012,2025-06-14T10:00,0.837
P012,2025-06-14T11:00,0.749
P012,2025-06-14T12:00,0.465
P012,2025-06-14T13:00,0.34
P012,2025-06-14T14:00,0.282
P012,2025-06-14T15:00,0.336
P012,2025-06-14T16:00,0.55
P012,2025-06-14T17:00,0.751
P012,2025-06-14T18:00,0.895
P012,2025-06-14T19:00,0.728
P012,2025-06-14T20:00,0.566
P012,2025-06-14T21:00,0.426
P013,2025-06-14T08:00,0.444
P013,2025-06-14T09:00,0.695
P013,2025-06-14T10:00,0.865
P013,2025-06-14T11:00,0.705
P013,2025-06-14T12:00,0.426
P013,2025-06-14T13:00,0.306
P013,2025-06-14T14:00,0.354
P013,2025-06-14T15:00,0.355
P013,2025-06-14T16:00,0.509
P013,2025-06-14T17:00,0.777
P013,2025-06-14T18:00,0.885
P013,2025-06-14T19:00,0.782
P013,2025-06-14T20:00,0.584
P013,2025-06-14T21:00,0.435
P014,2025-06-14T08:00,0.456
P014,2025-06-14T09:00,0.709
P014,2025-06-14T10:00,0.829
P014,2025-06-14T11:00,0.661
P014,2025-06-14T12:00,0.42
P014,2025-06-14T13:00,0.357
P014,2025-06-14T14:00,0.319
P014,2025-06-14T15:00,0.369
P014,2025-06-14T16:00,0.504
P014,2025-06-14T17:00,0.763
P014,2025-06-14T18:00,0.81
P014,2025-06-14T19:00,0.759
P014,2025-06-14T20:00,0.581
P014,2025-06-14T21:00,0.367
P015,2025-06-14T08:00,0.455
P015,2025-06-14T09:00,0.716
P015,2025-06-14T10:00,0.831
P015,2025-06-14T11:00,0.712
P015,2025-06-14T12:00,0.467
P015,2025-06-14T13:00,0.321
P015,2025-06-14T14:00,0.302
P015,2025-06-14T15:00,0.378
P015,2025-06-14T16:00,0.491
P015,2025-06-14T17:00,0.722
P015,2025-06-14T18:00,0.822
P015,2025-06-14T19:00,0.771
P015,2025-06-14T20:00,0.534
P015,2025-06-14T21:00,0.42
P016,2025-06-14T08:00,0.423
P016,2025-06-14T09:00,0.727
P016,2025-06-14T10:00,0.888
P016,2025-06-14T11:00,0.7
P016,2025-06-14T12:00,0.446
P016,2025-06-14T13:00,0.315
P016,2025-06-14T14:00,0.325
P016,2025-06-14T15:00,0.353
P016,2025-06-14T16:00,0.551
P016,2025-06-14T17:00,0.782
P016,2025-06-14T18:00,0.886
P016,2025-06-14T19:00,0.711
P016,2025-06-14T20:00,0.545
P016,2025-06-14T21:00,0.362
P017,2025-06-14T08:00,0.499
P017,2025-06-14T09:00,0.662
P017,2025-06-14T10:00,0.808
P017,2025-06-14T11:00,0.656
P017,2025-06-14T12:00,0.461
P017,2025-06-14T13:00,0.287
P017,2025-06-14T14:00,0.328
P017,2025-06-14T15:00,0.376
P017,2025-06-14T16:00,0.55
P017,2025-06-14T17:00,0.788
P017,2025-06-14T18:00,0.855
P017,2025-06-14T19:00,0.752
P017,2025-06-14T20:00,0.591
P017,2025-06-14T21:00,0.383
P018,2025-06-14T08:00,0.488
P018,2025-06-14T09:00,0.691
P018,2025-06-14T10:00,0.822
P018,2025-06-14T11:00,0.731
P018,2025-06-14T12:00,0.483
P018,2025-06-14T13:00,0.313
P018,2025-06-14T14:00,0.317
P018,2025-06-14T15:00,0.387
P018,2025-06-14T16:00,0.53
P018,2025-06-14T17:00,0.748
P018,2025-06-14T18:00,0.866
P018,2025-06-14T19:00,0.782
P018,2025-06-14T20:00,0.571
P018,2025-06-14T21:00,0.397
P019,2025-06-14T08:00,0.427
P019,2025-06-14T09:00,0.705
P019,2025-06-14T10:00,0.845
P019,2025-06-14T11:00,0.672
P019,2025-06-14T12:00,0.505
P019,2025-06-14T13:00,0.35
P019,2025-06-14T14:00,0.367
P019,2025-06-14T15:00,0.409
P019,2025-06-14T16:00,0.539
P019,2025-06-14T17:00,0.733
P019,2025-06-14T18:00,0.822
P019,2025-06-14T19:00,0.746
P019,2025-06-14T20:00,0.497
P019,2025-06-14T21:00,0.373
P020,2025-06-14T08:00,0.414
P020,2025-06-14T09:00,0.675
P020,2025-06-14T10:00,0.891
P020,2025-06-14T11:00,0.69
P020,2025-06-14T12:00,0.457
P020,2025-06-14T13:00,0.33
P020,2025-06-14T14:00,0.275
P020,2025-06-14T15:00,0.434
P020,2025-06-14T16:00,0.523
P020,2025-06-14T17:00,0.768
P020,2025-06-14T18:00,0.852
P020,2025-06-14T19:00,0.78
P020,2025-06-14T20:00,0.574
P020,2025-06-14T21:00,0.362
